date,claim_type,region,claim_count,avg_handle_time_min,weather_event,day_of_week,month,week_of_year
2022-01-01,auto_collision,west,20,45.5,0,Saturday,1,52
2022-01-01,auto_liability,northeast,11,67.2,0,Saturday,1,52
2022-01-01,property_damage,midwest,33,47.6,0,Saturday,1,52
2022-01-01,weather_event,west,14,70.3,0,Saturday,1,52
2022-01-02,auto_collision,midwest,57,37.6,0,Sunday,1,52
2022-01-02,auto_liability,northeast,31,43.3,0,Sunday,1,52
2022-01-02,property_damage,west,33,53.6,0,Sunday,1,52
2022-01-02,weather_event,midwest,0,77.3,0,Sunday,1,52
2022-01-03,auto_collision,midwest,55,56.6,0,Monday,1,1
2022-01-03,auto_liability,west,70,51.8,0,Monday,1,1
2022-01-03,property_damage,midwest,22,54.4,0,Monday,1,1
2022-01-03,weather_event,west,121,64.2,0,Monday,1,1
2022-01-04,auto_collision,midwest,135,43.3,0,Tuesday,1,1
2022-01-04,auto_liability,south,103,58.9,0,Tuesday,1,1
2022-01-04,property_damage,west,3,47.7,0,Tuesday,1,1
2022-01-04,weather_event,northeast,20,58.7,0,Tuesday,1,1
2022-01-05,auto_collision,midwest,60,43.4,0,Wednesday,1,1
2022-01-05,auto_liability,northeast,82,58.3,0,Wednesday,1,1
2022-01-05,property_damage,south,33,45.8,0,Wednesday,1,1
2022-01-05,weather_event,northeast,57,76.7,0,Wednesday,1,1
2022-01-06,auto_collision,south,119,44.6,0,Thursday,1,1
2022-01-06,auto_liability,south,86,61.5,0,Thursday,1,1
2022-01-06,property_damage,west,13,54.8,0,Thursday,1,1
2022-01-06,weather_event,midwest,14,64.9,0,Thursday,1,1
2022-01-07,auto_collision,south,51,45.9,0,Friday,1,1
2022-01-07,auto_liability,south,127,59.1,0,Friday,1,1
2022-01-07,property_damage,south,61,52.4,0,Friday,1,1
2022-01-07,weather_event,northeast,13,71.8,0,Friday,1,1
2022-01-08,auto_collision,west,64,45.1,0,Saturday,1,1
2022-01-08,auto_liability,midwest,31,58.7,0,Saturday,1,1
2022-01-08,property_damage,west,70,50.6,0,Saturday,1,1
2022-01-08,weather_event,west,15,78.2,0,Saturday,1,1
2022-01-09,auto_collision,midwest,60,50.2,0,Sunday,1,1
2022-01-09,auto_liability,midwest,33,52.4,0,Sunday,1,1
2022-01-09,property_damage,south,10,65.9,0,Sunday,1,1
2022-01-09,weather_event,south,13,69.0,0,Sunday,1,1
2022-01-10,auto_collision,northeast,124,47.8,0,Monday,1,2
2022-01-10,auto_liability,midwest,21,67.7,0,Monday,1,2
2022-01-10,property_damage,south,152,60.8,0,Monday,1,2
2022-01-10,weather_event,midwest,10,82.7,0,Monday,1,2
2022-01-11,auto_collision,south,112,44.8,0,Tuesday,1,2
2022-01-11,auto_liability,northeast,70,59.6,0,Tuesday,1,2
2022-01-11,property_damage,west,15,47.3,0,Tuesday,1,2
2022-01-11,weather_event,northeast,98,82.6,0,Tuesday,1,2
2022-01-12,auto_collision,south,104,49.0,0,Wednesday,1,2
2022-01-12,auto_liability,south,92,45.8,0,Wednesday,1,2
2022-01-12,property_damage,northeast,9,55.3,0,Wednesday,1,2
2022-01-12,weather_event,west,33,70.8,0,Wednesday,1,2
2022-01-13,auto_collision,midwest,194,44.8,0,Thursday,1,2
2022-01-13,auto_liability,northeast,43,54.3,0,Thursday,1,2
2022-01-13,property_damage,west,12,54.1,0,Thursday,1,2
2022-01-13,weather_event,south,5,76.8,0,Thursday,1,2
2022-01-14,auto_collision,northeast,96,42.5,0,Friday,1,2
2022-01-14,auto_liability,south,85,63.0,0,Friday,1,2
2022-01-14,property_damage,south,90,48.5,0,Friday,1,2
2022-01-14,weather_event,northeast,4,75.0,0,Friday,1,2
2022-01-15,auto_collision,west,78,46.3,0,Saturday,1,2
2022-01-15,auto_liability,south,14,60.8,0,Saturday,1,2
2022-01-15,property_damage,west,23,45.4,0,Saturday,1,2
2022-01-15,weather_event,south,66,73.2,0,Saturday,1,2
2022-01-16,auto_collision,west,36,46.1,0,Sunday,1,2
2022-01-16,auto_liability,west,14,56.2,0,Sunday,1,2
2022-01-16,property_damage,midwest,46,59.5,0,Sunday,1,2
2022-01-16,weather_event,midwest,5,68.0,0,Sunday,1,2
2022-01-17,auto_collision,midwest,163,46.8,0,Monday,1,3
2022-01-17,auto_liability,midwest,69,56.3,0,Monday,1,3
2022-01-17,property_damage,midwest,70,55.3,0,Monday,1,3
2022-01-17,weather_event,west,5,68.4,0,Monday,1,3
2022-01-18,auto_collision,south,101,45.8,0,Tuesday,1,3
2022-01-18,auto_liability,south,48,64.5,0,Tuesday,1,3
2022-01-18,property_damage,northeast,111,61.6,0,Tuesday,1,3
2022-01-18,weather_event,northeast,0,70.6,0,Tuesday,1,3
2022-01-19,auto_collision,northeast,116,44.2,0,Wednesday,1,3
2022-01-19,auto_liability,west,79,65.3,0,Wednesday,1,3
2022-01-19,property_damage,south,24,51.9,0,Wednesday,1,3
2022-01-19,weather_event,midwest,6,76.8,0,Wednesday,1,3
2022-01-20,auto_collision,south,121,47.3,0,Thursday,1,3
2022-01-20,auto_liability,south,45,59.0,0,Thursday,1,3
2022-01-20,property_damage,west,39,58.5,0,Thursday,1,3
2022-01-20,weather_event,south,52,78.9,0,Thursday,1,3
2022-01-21,auto_collision,west,77,47.5,0,Friday,1,3
2022-01-21,auto_liability,midwest,40,59.8,0,Friday,1,3
2022-01-21,property_damage,northeast,157,41.7,0,Friday,1,3
2022-01-21,weather_event,midwest,4,84.6,0,Friday,1,3
2022-01-22,auto_collision,midwest,48,41.1,0,Saturday,1,3
2022-01-22,auto_liability,south,22,51.7,0,Saturday,1,3
2022-01-22,property_damage,south,106,64.9,0,Saturday,1,3
2022-01-22,weather_event,midwest,14,77.6,0,Saturday,1,3
2022-01-23,auto_collision,northeast,56,49.9,0,Sunday,1,3
2022-01-23,auto_liability,west,44,58.8,0,Sunday,1,3
2022-01-23,property_damage,south,20,56.1,0,Sunday,1,3
2022-01-23,weather_event,west,19,74.8,0,Sunday,1,3
2022-01-24,auto_collision,northeast,39,39.9,0,Monday,1,4
2022-01-24,auto_liability,northeast,37,57.5,0,Monday,1,4
2022-01-24,property_damage,south,217,53.6,0,Monday,1,4
2022-01-24,weather_event,west,1,74.3,0,Monday,1,4
2022-01-25,auto_collision,northeast,97,42.4,0,Tuesday,1,4
2022-01-25,auto_liability,northeast,59,51.8,0,Tuesday,1,4
2022-01-25,property_damage,northeast,88,62.6,0,Tuesday,1,4
2022-01-25,weather_event,west,18,69.6,0,Tuesday,1,4
2022-01-26,auto_collision,northeast,145,39.8,0,Wednesday,1,4
2022-01-26,auto_liability,northeast,67,54.8,0,Wednesday,1,4
2022-01-26,property_damage,west,50,47.9,0,Wednesday,1,4
2022-01-26,weather_event,northeast,20,62.9,0,Wednesday,1,4
2022-01-27,auto_collision,midwest,172,38.7,0,Thursday,1,4
2022-01-27,auto_liability,west,55,52.2,0,Thursday,1,4
2022-01-27,property_damage,midwest,11,66.4,0,Thursday,1,4
2022-01-27,weather_event,northeast,12,88.4,0,Thursday,1,4
2022-01-28,auto_collision,south,131,42.4,0,Friday,1,4
2022-01-28,auto_liability,northeast,74,57.1,0,Friday,1,4
2022-01-28,property_damage,northeast,69,60.0,0,Friday,1,4
2022-01-28,weather_event,northeast,20,76.1,0,Friday,1,4
2022-01-29,auto_collision,west,21,42.1,0,Saturday,1,4
2022-01-29,auto_liability,northeast,86,52.7,0,Saturday,1,4
2022-01-29,property_damage,south,13,57.0,0,Saturday,1,4
2022-01-29,weather_event,northeast,71,71.1,0,Saturday,1,4
2022-01-30,auto_collision,midwest,69,49.5,0,Sunday,1,4
2022-01-30,auto_liability,northeast,52,58.4,0,Sunday,1,4
2022-01-30,property_damage,south,9,53.7,0,Sunday,1,4
2022-01-30,weather_event,south,4,74.2,0,Sunday,1,4
2022-01-31,auto_collision,midwest,162,37.6,0,Monday,1,5
2022-01-31,auto_liability,midwest,71,47.1,0,Monday,1,5
2022-01-31,property_damage,west,62,47.7,0,Monday,1,5
2022-01-31,weather_event,west,13,73.3,0,Monday,1,5
2022-02-01,auto_collision,west,48,51.5,0,Tuesday,2,5
2022-02-01,auto_liability,northeast,98,45.5,0,Tuesday,2,5
2022-02-01,property_damage,northeast,89,58.3,0,Tuesday,2,5
2022-02-01,weather_event,northeast,40,84.9,0,Tuesday,2,5
2022-02-02,auto_collision,northeast,155,42.2,0,Wednesday,2,5
2022-02-02,auto_liability,south,54,61.0,0,Wednesday,2,5
2022-02-02,property_damage,west,58,60.2,0,Wednesday,2,5
2022-02-02,weather_event,northeast,15,84.9,0,Wednesday,2,5
2022-02-03,auto_collision,northeast,144,47.1,0,Thursday,2,5
2022-02-03,auto_liability,west,47,61.5,0,Thursday,2,5
2022-02-03,property_damage,south,85,51.1,0,Thursday,2,5
2022-02-03,weather_event,south,0,71.5,0,Thursday,2,5
2022-02-04,auto_collision,midwest,72,41.5,0,Friday,2,5
2022-02-04,auto_liability,midwest,53,58.5,0,Friday,2,5
2022-02-04,property_damage,northeast,140,57.3,0,Friday,2,5
2022-02-04,weather_event,midwest,45,76.1,0,Friday,2,5
2022-02-05,auto_collision,northeast,31,38.5,0,Saturday,2,5
2022-02-05,auto_liability,west,64,66.3,0,Saturday,2,5
2022-02-05,property_damage,northeast,55,58.1,0,Saturday,2,5
2022-02-05,weather_event,midwest,37,69.4,0,Saturday,2,5
2022-02-06,auto_collision,midwest,105,48.2,0,Sunday,2,5
2022-02-06,auto_liability,northeast,31,50.7,0,Sunday,2,5
2022-02-06,property_damage,northeast,5,57.1,0,Sunday,2,5
2022-02-06,weather_event,northeast,0,65.0,0,Sunday,2,5
2022-02-07,auto_collision,midwest,197,52.1,0,Monday,2,6
2022-02-07,auto_liability,northeast,75,46.0,0,Monday,2,6
2022-02-07,property_damage,midwest,38,49.0,0,Monday,2,6
2022-02-07,weather_event,midwest,5,81.5,0,Monday,2,6
2022-02-08,auto_collision,south,138,41.0,0,Tuesday,2,6
2022-02-08,auto_liability,midwest,69,52.9,0,Tuesday,2,6
2022-02-08,property_damage,west,33,57.8,0,Tuesday,2,6
2022-02-08,weather_event,south,46,74.3,0,Tuesday,2,6
2022-02-09,auto_collision,west,112,47.6,0,Wednesday,2,6
2022-02-09,auto_liability,northeast,66,56.7,0,Wednesday,2,6
2022-02-09,property_damage,south,37,58.0,0,Wednesday,2,6
2022-02-09,weather_event,south,58,75.7,0,Wednesday,2,6
2022-02-10,auto_collision,midwest,120,45.3,0,Thursday,2,6
2022-02-10,auto_liability,midwest,62,62.1,0,Thursday,2,6
2022-02-10,property_damage,west,89,57.9,0,Thursday,2,6
2022-02-10,weather_event,northeast,6,67.7,0,Thursday,2,6
2022-02-11,auto_collision,northeast,156,41.9,0,Friday,2,6
2022-02-11,auto_liability,northeast,50,63.9,0,Friday,2,6
2022-02-11,property_damage,west,33,51.6,0,Friday,2,6
2022-02-11,weather_event,west,62,82.0,0,Friday,2,6
2022-02-12,auto_collision,west,121,39.7,0,Saturday,2,6
2022-02-12,auto_liability,midwest,0,59.6,0,Saturday,2,6
2022-02-12,property_damage,south,56,40.7,0,Saturday,2,6
2022-02-12,weather_event,northeast,12,85.3,0,Saturday,2,6
2022-02-13,auto_collision,west,36,34.6,0,Sunday,2,6
2022-02-13,auto_liability,south,43,58.2,0,Sunday,2,6
2022-02-13,property_damage,midwest,14,51.3,0,Sunday,2,6
2022-02-13,weather_event,west,31,77.4,0,Sunday,2,6
2022-02-14,auto_collision,west,279,45.3,1,Monday,2,7
2022-02-14,auto_liability,west,338,61.6,1,Monday,2,7
2022-02-14,property_damage,west,203,56.0,1,Monday,2,7
2022-02-14,weather_event,northeast,0,76.4,1,Monday,2,7
2022-02-15,auto_collision,south,110,47.7,0,Tuesday,2,7
2022-02-15,auto_liability,midwest,111,54.8,0,Tuesday,2,7
2022-02-15,property_damage,south,48,57.5,0,Tuesday,2,7
2022-02-15,weather_event,west,14,72.7,0,Tuesday,2,7
2022-02-16,auto_collision,northeast,91,39.2,0,Wednesday,2,7
2022-02-16,auto_liability,south,56,65.8,0,Wednesday,2,7
2022-02-16,property_damage,south,70,53.5,0,Wednesday,2,7
2022-02-16,weather_event,northeast,50,83.5,0,Wednesday,2,7
2022-02-17,auto_collision,northeast,124,44.6,0,Thursday,2,7
2022-02-17,auto_liability,west,40,52.8,0,Thursday,2,7
2022-02-17,property_damage,midwest,13,56.7,0,Thursday,2,7
2022-02-17,weather_event,south,92,80.0,0,Thursday,2,7
2022-02-18,auto_collision,midwest,147,40.8,0,Friday,2,7
2022-02-18,auto_liability,west,102,56.3,0,Friday,2,7
2022-02-18,property_damage,south,58,58.2,0,Friday,2,7
2022-02-18,weather_event,northeast,2,79.4,0,Friday,2,7
2022-02-19,auto_collision,west,66,41.3,0,Saturday,2,7
2022-02-19,auto_liability,south,90,55.9,0,Saturday,2,7
2022-02-19,property_damage,west,9,47.2,0,Saturday,2,7
2022-02-19,weather_event,midwest,1,72.0,0,Saturday,2,7
2022-02-20,auto_collision,south,50,49.3,0,Sunday,2,7
2022-02-20,auto_liability,northeast,25,60.4,0,Sunday,2,7
2022-02-20,property_damage,south,32,55.0,0,Sunday,2,7
2022-02-20,weather_event,south,18,81.4,0,Sunday,2,7
2022-02-21,auto_collision,midwest,51,45.9,1,Monday,2,8
2022-02-21,auto_liability,northeast,528,59.6,1,Monday,2,8
2022-02-21,property_damage,south,124,53.8,1,Monday,2,8
2022-02-21,weather_event,south,131,81.4,1,Monday,2,8
2022-02-22,auto_collision,south,141,47.3,0,Tuesday,2,8
2022-02-22,auto_liability,south,68,60.9,0,Tuesday,2,8
2022-02-22,property_damage,south,34,56.1,0,Tuesday,2,8
2022-02-22,weather_event,west,52,75.7,0,Tuesday,2,8
2022-02-23,auto_collision,west,139,44.1,0,Wednesday,2,8
2022-02-23,auto_liability,south,111,54.3,0,Wednesday,2,8
2022-02-23,property_damage,south,39,49.9,0,Wednesday,2,8
2022-02-23,weather_event,south,6,73.2,0,Wednesday,2,8
2022-02-24,auto_collision,midwest,23,38.0,0,Thursday,2,8
2022-02-24,auto_liability,midwest,155,62.5,0,Thursday,2,8
2022-02-24,property_damage,west,73,48.9,0,Thursday,2,8
2022-02-24,weather_event,midwest,3,65.5,0,Thursday,2,8
2022-02-25,auto_collision,south,98,45.3,0,Friday,2,8
2022-02-25,auto_liability,northeast,103,46.3,0,Friday,2,8
2022-02-25,property_damage,south,68,65.0,0,Friday,2,8
2022-02-25,weather_event,south,53,71.7,0,Friday,2,8
2022-02-26,auto_collision,west,73,42.1,1,Saturday,2,8
2022-02-26,auto_liability,west,135,69.5,1,Saturday,2,8
2022-02-26,property_damage,midwest,235,47.0,1,Saturday,2,8
2022-02-26,weather_event,south,85,67.7,1,Saturday,2,8
2022-02-27,auto_collision,midwest,71,41.6,0,Sunday,2,8
2022-02-27,auto_liability,midwest,33,58.8,0,Sunday,2,8
2022-02-27,property_damage,west,10,56.1,0,Sunday,2,8
2022-02-27,weather_event,west,9,82.0,0,Sunday,2,8
2022-02-28,auto_collision,west,115,43.5,0,Monday,2,9
2022-02-28,auto_liability,west,124,68.1,0,Monday,2,9
2022-02-28,property_damage,south,30,53.9,0,Monday,2,9
2022-02-28,weather_event,northeast,77,77.6,0,Monday,2,9
2022-03-01,auto_collision,south,139,46.5,0,Tuesday,3,9
2022-03-01,auto_liability,west,51,59.6,0,Tuesday,3,9
2022-03-01,property_damage,south,82,56.7,0,Tuesday,3,9
2022-03-01,weather_event,midwest,45,71.8,0,Tuesday,3,9
2022-03-02,auto_collision,west,43,43.9,0,Wednesday,3,9
2022-03-02,auto_liability,south,89,61.5,0,Wednesday,3,9
2022-03-02,property_damage,west,45,59.2,0,Wednesday,3,9
2022-03-02,weather_event,west,117,86.9,0,Wednesday,3,9
2022-03-03,auto_collision,west,157,43.8,0,Thursday,3,9
2022-03-03,auto_liability,south,102,56.4,0,Thursday,3,9
2022-03-03,property_damage,northeast,25,55.7,0,Thursday,3,9
2022-03-03,weather_event,west,7,71.1,0,Thursday,3,9
2022-03-04,auto_collision,west,135,50.0,0,Friday,3,9
2022-03-04,auto_liability,northeast,123,58.6,0,Friday,3,9
2022-03-04,property_damage,midwest,75,54.0,0,Friday,3,9
2022-03-04,weather_event,south,14,72.0,0,Friday,3,9
2022-03-05,auto_collision,northeast,52,49.9,0,Saturday,3,9
2022-03-05,auto_liability,west,51,63.2,0,Saturday,3,9
2022-03-05,property_damage,midwest,39,51.4,0,Saturday,3,9
2022-03-05,weather_event,midwest,59,73.4,0,Saturday,3,9
2022-03-06,auto_collision,midwest,43,44.5,0,Sunday,3,9
2022-03-06,auto_liability,northeast,21,56.7,0,Sunday,3,9
2022-03-06,property_damage,west,71,51.0,0,Sunday,3,9
2022-03-06,weather_event,midwest,4,74.5,0,Sunday,3,9
2022-03-07,auto_collision,south,29,51.2,0,Monday,3,10
2022-03-07,auto_liability,midwest,78,57.9,0,Monday,3,10
2022-03-07,property_damage,midwest,199,64.6,0,Monday,3,10
2022-03-07,weather_event,west,17,83.3,0,Monday,3,10
2022-03-08,auto_collision,west,209,41.7,0,Tuesday,3,10
2022-03-08,auto_liability,northeast,40,64.8,0,Tuesday,3,10
2022-03-08,property_damage,west,40,53.8,0,Tuesday,3,10
2022-03-08,weather_event,west,0,56.1,0,Tuesday,3,10
2022-03-09,auto_collision,midwest,51,48.0,0,Wednesday,3,10
2022-03-09,auto_liability,midwest,179,56.5,0,Wednesday,3,10
2022-03-09,property_damage,midwest,43,43.1,0,Wednesday,3,10
2022-03-09,weather_event,northeast,14,70.6,0,Wednesday,3,10
2022-03-10,auto_collision,midwest,57,42.8,0,Thursday,3,10
2022-03-10,auto_liability,west,34,57.7,0,Thursday,3,10
2022-03-10,property_damage,south,22,50.4,0,Thursday,3,10
2022-03-10,weather_event,west,177,76.5,0,Thursday,3,10
2022-03-11,auto_collision,south,98,45.1,0,Friday,3,10
2022-03-11,auto_liability,south,153,58.1,0,Friday,3,10
2022-03-11,property_damage,west,75,50.9,0,Friday,3,10
2022-03-11,weather_event,west,24,81.9,0,Friday,3,10
2022-03-12,auto_collision,northeast,113,42.1,1,Saturday,3,10
2022-03-12,auto_liability,south,122,60.5,1,Saturday,3,10
2022-03-12,property_damage,south,194,53.5,1,Saturday,3,10
2022-03-12,weather_event,west,98,68.0,1,Saturday,3,10
2022-03-13,auto_collision,midwest,16,43.2,0,Sunday,3,10
2022-03-13,auto_liability,midwest,11,60.8,0,Sunday,3,10
2022-03-13,property_damage,midwest,105,52.6,0,Sunday,3,10
2022-03-13,weather_event,northeast,27,77.5,0,Sunday,3,10
2022-03-14,auto_collision,west,80,39.8,0,Monday,3,11
2022-03-14,auto_liability,midwest,94,62.5,0,Monday,3,11
2022-03-14,property_damage,south,79,54.4,0,Monday,3,11
2022-03-14,weather_event,northeast,92,80.5,0,Monday,3,11
2022-03-15,auto_collision,south,141,45.8,0,Tuesday,3,11
2022-03-15,auto_liability,northeast,119,56.9,0,Tuesday,3,11
2022-03-15,property_damage,west,15,45.1,0,Tuesday,3,11
2022-03-15,weather_event,midwest,36,68.5,0,Tuesday,3,11
2022-03-16,auto_collision,northeast,161,55.5,0,Wednesday,3,11
2022-03-16,auto_liability,south,15,65.1,0,Wednesday,3,11
2022-03-16,property_damage,south,110,65.8,0,Wednesday,3,11
2022-03-16,weather_event,west,27,72.8,0,Wednesday,3,11
2022-03-17,auto_collision,west,104,44.4,0,Thursday,3,11
2022-03-17,auto_liability,south,165,61.3,0,Thursday,3,11
2022-03-17,property_damage,south,34,45.2,0,Thursday,3,11
2022-03-17,weather_event,northeast,12,95.1,0,Thursday,3,11
2022-03-18,auto_collision,midwest,136,51.7,0,Friday,3,11
2022-03-18,auto_liability,west,108,60.0,0,Friday,3,11
2022-03-18,property_damage,midwest,50,61.2,0,Friday,3,11
2022-03-18,weather_event,northeast,42,69.0,0,Friday,3,11
2022-03-19,auto_collision,west,121,43.2,0,Saturday,3,11
2022-03-19,auto_liability,northeast,29,56.8,0,Saturday,3,11
2022-03-19,property_damage,northeast,76,60.2,0,Saturday,3,11
2022-03-19,weather_event,northeast,16,84.1,0,Saturday,3,11
2022-03-20,auto_collision,west,18,44.9,0,Sunday,3,11
2022-03-20,auto_liability,south,76,48.9,0,Sunday,3,11
2022-03-20,property_damage,west,40,56.2,0,Sunday,3,11
2022-03-20,weather_event,south,1,62.9,0,Sunday,3,11
2022-03-21,auto_collision,midwest,120,38.1,0,Monday,3,12
2022-03-21,auto_liability,midwest,84,57.6,0,Monday,3,12
2022-03-21,property_damage,south,98,38.4,0,Monday,3,12
2022-03-21,weather_event,west,27,76.6,0,Monday,3,12
2022-03-22,auto_collision,northeast,179,49.0,0,Tuesday,3,12
2022-03-22,auto_liability,midwest,90,64.9,0,Tuesday,3,12
2022-03-22,property_damage,northeast,69,61.2,0,Tuesday,3,12
2022-03-22,weather_event,south,6,70.4,0,Tuesday,3,12
2022-03-23,auto_collision,midwest,53,44.3,0,Wednesday,3,12
2022-03-23,auto_liability,northeast,129,63.6,0,Wednesday,3,12
2022-03-23,property_damage,south,82,56.5,0,Wednesday,3,12
2022-03-23,weather_event,midwest,44,80.5,0,Wednesday,3,12
2022-03-24,auto_collision,midwest,76,49.8,0,Thursday,3,12
2022-03-24,auto_liability,midwest,99,57.5,0,Thursday,3,12
2022-03-24,property_damage,west,90,52.5,0,Thursday,3,12
2022-03-24,weather_event,northeast,74,72.7,0,Thursday,3,12
2022-03-25,auto_collision,west,74,43.3,0,Friday,3,12
2022-03-25,auto_liability,northeast,46,66.9,0,Friday,3,12
2022-03-25,property_damage,west,228,46.5,0,Friday,3,12
2022-03-25,weather_event,south,16,76.0,0,Friday,3,12
2022-03-26,auto_collision,south,90,39.9,0,Saturday,3,12
2022-03-26,auto_liability,northeast,54,60.5,0,Saturday,3,12
2022-03-26,property_damage,midwest,46,53.9,0,Saturday,3,12
2022-03-26,weather_event,midwest,10,78.3,0,Saturday,3,12
2022-03-27,auto_collision,south,110,43.9,0,Sunday,3,12
2022-03-27,auto_liability,midwest,32,48.7,0,Sunday,3,12
2022-03-27,property_damage,west,21,55.6,0,Sunday,3,12
2022-03-27,weather_event,west,6,82.2,0,Sunday,3,12
2022-03-28,auto_collision,northeast,486,44.5,1,Monday,3,13
2022-03-28,auto_liability,west,351,61.0,1,Monday,3,13
2022-03-28,property_damage,west,45,58.0,1,Monday,3,13
2022-03-28,weather_event,south,36,70.0,1,Monday,3,13
2022-03-29,auto_collision,northeast,121,40.4,0,Tuesday,3,13
2022-03-29,auto_liability,midwest,77,54.6,0,Tuesday,3,13
2022-03-29,property_damage,south,112,58.4,0,Tuesday,3,13
2022-03-29,weather_event,west,28,76.5,0,Tuesday,3,13
2022-03-30,auto_collision,south,162,35.0,1,Wednesday,3,13
2022-03-30,auto_liability,west,374,66.5,1,Wednesday,3,13
2022-03-30,property_damage,west,216,57.5,1,Wednesday,3,13
2022-03-30,weather_event,west,94,69.3,1,Wednesday,3,13
2022-03-31,auto_collision,northeast,178,45.1,0,Thursday,3,13
2022-03-31,auto_liability,south,63,58.1,0,Thursday,3,13
2022-03-31,property_damage,midwest,86,59.6,0,Thursday,3,13
2022-03-31,weather_event,west,14,73.3,0,Thursday,3,13
2022-04-01,auto_collision,midwest,138,42.9,0,Friday,4,13
2022-04-01,auto_liability,west,112,56.7,0,Friday,4,13
2022-04-01,property_damage,midwest,22,50.6,0,Friday,4,13
2022-04-01,weather_event,midwest,98,74.9,0,Friday,4,13
2022-04-02,auto_collision,west,115,48.6,0,Saturday,4,13
2022-04-02,auto_liability,midwest,62,69.7,0,Saturday,4,13
2022-04-02,property_damage,midwest,47,51.7,0,Saturday,4,13
2022-04-02,weather_event,midwest,13,79.9,0,Saturday,4,13
2022-04-03,auto_collision,northeast,20,41.0,0,Sunday,4,13
2022-04-03,auto_liability,northeast,30,68.5,0,Sunday,4,13
2022-04-03,property_damage,west,57,53.0,0,Sunday,4,13
2022-04-03,weather_event,west,4,70.1,0,Sunday,4,13
2022-04-04,auto_collision,west,89,40.2,0,Monday,4,14
2022-04-04,auto_liability,south,98,57.1,0,Monday,4,14
2022-04-04,property_damage,west,120,60.8,0,Monday,4,14
2022-04-04,weather_event,northeast,79,73.7,0,Monday,4,14
2022-04-05,auto_collision,northeast,138,48.1,0,Tuesday,4,14
2022-04-05,auto_liability,south,145,68.9,0,Tuesday,4,14
2022-04-05,property_damage,midwest,40,49.2,0,Tuesday,4,14
2022-04-05,weather_event,midwest,0,68.6,0,Tuesday,4,14
2022-04-06,auto_collision,northeast,72,47.4,0,Wednesday,4,14
2022-04-06,auto_liability,west,209,60.8,0,Wednesday,4,14
2022-04-06,property_damage,midwest,7,59.4,0,Wednesday,4,14
2022-04-06,weather_event,midwest,33,67.1,0,Wednesday,4,14
2022-04-07,auto_collision,midwest,434,48.0,1,Thursday,4,14
2022-04-07,auto_liability,west,188,57.8,1,Thursday,4,14
2022-04-07,property_damage,northeast,124,60.8,1,Thursday,4,14
2022-04-07,weather_event,midwest,119,87.3,1,Thursday,4,14
2022-04-08,auto_collision,northeast,35,43.4,0,Friday,4,14
2022-04-08,auto_liability,midwest,81,60.1,0,Friday,4,14
2022-04-08,property_damage,south,260,55.2,0,Friday,4,14
2022-04-08,weather_event,midwest,1,72.7,0,Friday,4,14
2022-04-09,auto_collision,midwest,91,43.3,0,Saturday,4,14
2022-04-09,auto_liability,midwest,34,59.7,0,Saturday,4,14
2022-04-09,property_damage,midwest,56,61.9,0,Saturday,4,14
2022-04-09,weather_event,midwest,32,82.6,0,Saturday,4,14
2022-04-10,auto_collision,south,41,47.3,0,Sunday,4,14
2022-04-10,auto_liability,northeast,85,62.0,0,Sunday,4,14
2022-04-10,property_damage,west,18,52.3,0,Sunday,4,14
2022-04-10,weather_event,south,6,73.0,0,Sunday,4,14
2022-04-11,auto_collision,south,182,40.9,0,Monday,4,15
2022-04-11,auto_liability,northeast,146,55.1,0,Monday,4,15
2022-04-11,property_damage,south,15,54.5,0,Monday,4,15
2022-04-11,weather_event,northeast,24,72.0,0,Monday,4,15
2022-04-12,auto_collision,midwest,187,46.2,0,Tuesday,4,15
2022-04-12,auto_liability,midwest,104,54.0,0,Tuesday,4,15
2022-04-12,property_damage,south,78,56.5,0,Tuesday,4,15
2022-04-12,weather_event,midwest,3,85.7,0,Tuesday,4,15
2022-04-13,auto_collision,northeast,43,44.9,0,Wednesday,4,15
2022-04-13,auto_liability,west,117,62.1,0,Wednesday,4,15
2022-04-13,property_damage,south,140,64.2,0,Wednesday,4,15
2022-04-13,weather_event,south,42,89.7,0,Wednesday,4,15
2022-04-14,auto_collision,west,155,41.3,0,Thursday,4,15
2022-04-14,auto_liability,south,99,48.7,0,Thursday,4,15
2022-04-14,property_damage,south,98,60.5,0,Thursday,4,15
2022-04-14,weather_event,south,4,66.5,0,Thursday,4,15
2022-04-15,auto_collision,south,138,48.1,0,Friday,4,15
2022-04-15,auto_liability,west,141,56.4,0,Friday,4,15
2022-04-15,property_damage,midwest,129,59.5,0,Friday,4,15
2022-04-15,weather_event,northeast,2,82.5,0,Friday,4,15
2022-04-16,auto_collision,west,87,44.8,0,Saturday,4,15
2022-04-16,auto_liability,northeast,92,69.8,0,Saturday,4,15
2022-04-16,property_damage,northeast,63,54.9,0,Saturday,4,15
2022-04-16,weather_event,south,13,67.5,0,Saturday,4,15
2022-04-17,auto_collision,west,59,43.5,0,Sunday,4,15
2022-04-17,auto_liability,south,36,59.4,0,Sunday,4,15
2022-04-17,property_damage,northeast,65,43.2,0,Sunday,4,15
2022-04-17,weather_event,northeast,26,71.3,0,Sunday,4,15
2022-04-18,auto_collision,south,480,58.4,1,Monday,4,16
2022-04-18,auto_liability,northeast,382,60.6,1,Monday,4,16
2022-04-18,property_damage,northeast,188,55.9,1,Monday,4,16
2022-04-18,weather_event,midwest,55,74.7,1,Monday,4,16
2022-04-19,auto_collision,west,174,41.8,0,Tuesday,4,16
2022-04-19,auto_liability,south,39,54.2,0,Tuesday,4,16
2022-04-19,property_damage,northeast,132,47.2,0,Tuesday,4,16
2022-04-19,weather_event,south,8,68.9,0,Tuesday,4,16
2022-04-20,auto_collision,south,88,45.0,0,Wednesday,4,16
2022-04-20,auto_liability,northeast,253,60.3,0,Wednesday,4,16
2022-04-20,property_damage,west,6,50.0,0,Wednesday,4,16
2022-04-20,weather_event,west,9,80.4,0,Wednesday,4,16
2022-04-21,auto_collision,midwest,224,56.8,0,Thursday,4,16
2022-04-21,auto_liability,west,80,64.4,0,Thursday,4,16
2022-04-21,property_damage,midwest,56,61.8,0,Thursday,4,16
2022-04-21,weather_event,west,3,73.0,0,Thursday,4,16
2022-04-22,auto_collision,northeast,190,42.9,0,Friday,4,16
2022-04-22,auto_liability,west,129,56.0,0,Friday,4,16
2022-04-22,property_damage,midwest,63,60.2,0,Friday,4,16
2022-04-22,weather_event,west,5,78.5,0,Friday,4,16
2022-04-23,auto_collision,south,191,42.2,0,Saturday,4,16
2022-04-23,auto_liability,northeast,49,51.3,0,Saturday,4,16
2022-04-23,property_damage,northeast,3,62.1,0,Saturday,4,16
2022-04-23,weather_event,west,16,83.3,0,Saturday,4,16
2022-04-24,auto_collision,northeast,45,48.6,0,Sunday,4,16
2022-04-24,auto_liability,northeast,48,64.6,0,Sunday,4,16
2022-04-24,property_damage,midwest,80,63.4,0,Sunday,4,16
2022-04-24,weather_event,northeast,19,66.7,0,Sunday,4,16
2022-04-25,auto_collision,south,194,53.1,0,Monday,4,17
2022-04-25,auto_liability,midwest,143,68.2,0,Monday,4,17
2022-04-25,property_damage,south,99,50.8,0,Monday,4,17
2022-04-25,weather_event,northeast,7,78.0,0,Monday,4,17
2022-04-26,auto_collision,south,155,49.0,0,Tuesday,4,17
2022-04-26,auto_liability,south,151,64.4,0,Tuesday,4,17
2022-04-26,property_damage,south,39,51.6,0,Tuesday,4,17
2022-04-26,weather_event,northeast,13,65.4,0,Tuesday,4,17
2022-04-27,auto_collision,west,147,46.6,0,Wednesday,4,17
2022-04-27,auto_liability,midwest,108,62.2,0,Wednesday,4,17
2022-04-27,property_damage,west,72,58.7,0,Wednesday,4,17
2022-04-27,weather_event,west,19,70.0,0,Wednesday,4,17
2022-04-28,auto_collision,west,84,43.9,0,Thursday,4,17
2022-04-28,auto_liability,west,103,59.8,0,Thursday,4,17
2022-04-28,property_damage,south,15,58.8,0,Thursday,4,17
2022-04-28,weather_event,northeast,140,83.4,0,Thursday,4,17
2022-04-29,auto_collision,west,240,41.3,0,Friday,4,17
2022-04-29,auto_liability,northeast,122,66.3,0,Friday,4,17
2022-04-29,property_damage,midwest,54,53.9,0,Friday,4,17
2022-04-29,weather_event,midwest,18,71.2,0,Friday,4,17
2022-04-30,auto_collision,northeast,203,45.0,0,Saturday,4,17
2022-04-30,auto_liability,northeast,50,62.1,0,Saturday,4,17
2022-04-30,property_damage,west,17,57.1,0,Saturday,4,17
2022-04-30,weather_event,midwest,10,71.0,0,Saturday,4,17
2022-05-01,auto_collision,south,109,46.1,0,Sunday,5,17
2022-05-01,auto_liability,northeast,54,56.1,0,Sunday,5,17
2022-05-01,property_damage,south,27,45.4,0,Sunday,5,17
2022-05-01,weather_event,south,11,72.2,0,Sunday,5,17
2022-05-02,auto_collision,west,123,41.4,0,Monday,5,18
2022-05-02,auto_liability,midwest,92,56.2,0,Monday,5,18
2022-05-02,property_damage,west,103,55.4,0,Monday,5,18
2022-05-02,weather_event,midwest,74,68.5,0,Monday,5,18
2022-05-03,auto_collision,west,164,44.7,0,Tuesday,5,18
2022-05-03,auto_liability,west,35,57.5,0,Tuesday,5,18
2022-05-03,property_damage,west,76,49.4,0,Tuesday,5,18
2022-05-03,weather_event,west,79,71.6,0,Tuesday,5,18
2022-05-04,auto_collision,northeast,224,41.2,0,Wednesday,5,18
2022-05-04,auto_liability,south,69,69.0,0,Wednesday,5,18
2022-05-04,property_damage,west,87,49.2,0,Wednesday,5,18
2022-05-04,weather_event,west,3,66.6,0,Wednesday,5,18
2022-05-05,auto_collision,west,155,53.2,0,Thursday,5,18
2022-05-05,auto_liability,northeast,62,53.5,0,Thursday,5,18
2022-05-05,property_damage,midwest,80,61.7,0,Thursday,5,18
2022-05-05,weather_event,midwest,67,75.1,0,Thursday,5,18
2022-05-06,auto_collision,south,143,43.8,0,Friday,5,18
2022-05-06,auto_liability,midwest,86,68.1,0,Friday,5,18
2022-05-06,property_damage,northeast,181,69.8,0,Friday,5,18
2022-05-06,weather_event,west,22,74.4,0,Friday,5,18
2022-05-07,auto_collision,south,156,40.0,0,Saturday,5,18
2022-05-07,auto_liability,northeast,41,58.2,0,Saturday,5,18
2022-05-07,property_damage,south,46,57.2,0,Saturday,5,18
2022-05-07,weather_event,west,16,76.0,0,Saturday,5,18
2022-05-08,auto_collision,midwest,24,42.4,0,Sunday,5,18
2022-05-08,auto_liability,northeast,75,55.3,0,Sunday,5,18
2022-05-08,property_damage,northeast,63,51.0,0,Sunday,5,18
2022-05-08,weather_event,northeast,7,82.5,0,Sunday,5,18
2022-05-09,auto_collision,northeast,81,47.3,0,Monday,5,19
2022-05-09,auto_liability,midwest,198,51.4,0,Monday,5,19
2022-05-09,property_damage,midwest,72,61.6,0,Monday,5,19
2022-05-09,weather_event,west,90,79.9,0,Monday,5,19
2022-05-10,auto_collision,northeast,210,50.7,0,Tuesday,5,19
2022-05-10,auto_liability,midwest,120,65.2,0,Tuesday,5,19
2022-05-10,property_damage,midwest,36,48.8,0,Tuesday,5,19
2022-05-10,weather_event,midwest,17,67.1,0,Tuesday,5,19
2022-05-11,auto_collision,south,109,52.1,0,Wednesday,5,19
2022-05-11,auto_liability,midwest,185,65.2,0,Wednesday,5,19
2022-05-11,property_damage,south,90,56.8,0,Wednesday,5,19
2022-05-11,weather_event,midwest,17,73.1,0,Wednesday,5,19
2022-05-12,auto_collision,northeast,287,42.9,0,Thursday,5,19
2022-05-12,auto_liability,northeast,54,58.7,0,Thursday,5,19
2022-05-12,property_damage,south,28,56.6,0,Thursday,5,19
2022-05-12,weather_event,northeast,21,74.2,0,Thursday,5,19
2022-05-13,auto_collision,midwest,198,50.1,0,Friday,5,19
2022-05-13,auto_liability,northeast,113,70.0,0,Friday,5,19
2022-05-13,property_damage,midwest,22,50.4,0,Friday,5,19
2022-05-13,weather_event,midwest,65,71.9,0,Friday,5,19
2022-05-14,auto_collision,west,137,45.5,0,Saturday,5,19
2022-05-14,auto_liability,northeast,117,61.1,0,Saturday,5,19
2022-05-14,property_damage,northeast,16,59.5,0,Saturday,5,19
2022-05-14,weather_event,west,8,59.6,0,Saturday,5,19
2022-05-15,auto_collision,midwest,26,47.6,0,Sunday,5,19
2022-05-15,auto_liability,south,105,50.8,0,Sunday,5,19
2022-05-15,property_damage,northeast,46,50.3,0,Sunday,5,19
2022-05-15,weather_event,midwest,10,75.9,0,Sunday,5,19
2022-05-16,auto_collision,midwest,57,40.1,0,Monday,5,20
2022-05-16,auto_liability,midwest,270,57.4,0,Monday,5,20
2022-05-16,property_damage,northeast,12,52.5,0,Monday,5,20
2022-05-16,weather_event,midwest,111,76.7,0,Monday,5,20
2022-05-17,auto_collision,west,87,43.6,0,Tuesday,5,20
2022-05-17,auto_liability,midwest,135,66.5,0,Tuesday,5,20
2022-05-17,property_damage,west,130,55.9,0,Tuesday,5,20
2022-05-17,weather_event,northeast,36,62.9,0,Tuesday,5,20
2022-05-18,auto_collision,west,175,42.9,0,Wednesday,5,20
2022-05-18,auto_liability,west,83,61.2,0,Wednesday,5,20
2022-05-18,property_damage,northeast,144,51.9,0,Wednesday,5,20
2022-05-18,weather_event,west,29,78.5,0,Wednesday,5,20
2022-05-19,auto_collision,west,58,43.8,0,Thursday,5,20
2022-05-19,auto_liability,midwest,29,56.0,0,Thursday,5,20
2022-05-19,property_damage,south,122,64.4,0,Thursday,5,20
2022-05-19,weather_event,midwest,188,74.3,0,Thursday,5,20
2022-05-20,auto_collision,west,127,47.9,0,Friday,5,20
2022-05-20,auto_liability,south,119,49.7,0,Friday,5,20
2022-05-20,property_damage,northeast,65,45.0,0,Friday,5,20
2022-05-20,weather_event,northeast,116,84.4,0,Friday,5,20
2022-05-21,auto_collision,northeast,81,43.5,0,Saturday,5,20
2022-05-21,auto_liability,northeast,85,51.8,0,Saturday,5,20
2022-05-21,property_damage,northeast,53,58.1,0,Saturday,5,20
2022-05-21,weather_event,midwest,37,75.0,0,Saturday,5,20
2022-05-22,auto_collision,northeast,304,39.9,1,Sunday,5,20
2022-05-22,auto_liability,south,71,63.8,1,Sunday,5,20
2022-05-22,property_damage,west,35,57.7,1,Sunday,5,20
2022-05-22,weather_event,northeast,48,72.1,1,Sunday,5,20
2022-05-23,auto_collision,northeast,60,46.5,0,Monday,5,21
2022-05-23,auto_liability,northeast,109,62.5,0,Monday,5,21
2022-05-23,property_damage,west,86,43.3,0,Monday,5,21
2022-05-23,weather_event,northeast,187,68.7,0,Monday,5,21
2022-05-24,auto_collision,northeast,259,43.3,0,Tuesday,5,21
2022-05-24,auto_liability,west,93,59.1,0,Tuesday,5,21
2022-05-24,property_damage,west,61,48.5,0,Tuesday,5,21
2022-05-24,weather_event,midwest,15,73.0,0,Tuesday,5,21
2022-05-25,auto_collision,south,147,39.1,0,Wednesday,5,21
2022-05-25,auto_liability,midwest,48,52.4,0,Wednesday,5,21
2022-05-25,property_damage,south,147,52.4,0,Wednesday,5,21
2022-05-25,weather_event,west,16,77.1,0,Wednesday,5,21
2022-05-26,auto_collision,midwest,195,53.2,0,Thursday,5,21
2022-05-26,auto_liability,south,146,69.0,0,Thursday,5,21
2022-05-26,property_damage,midwest,40,50.7,0,Thursday,5,21
2022-05-26,weather_event,northeast,22,75.1,0,Thursday,5,21
2022-05-27,auto_collision,west,180,49.1,0,Friday,5,21
2022-05-27,auto_liability,west,238,54.0,0,Friday,5,21
2022-05-27,property_damage,west,35,59.0,0,Friday,5,21
2022-05-27,weather_event,south,11,83.7,0,Friday,5,21
2022-05-28,auto_collision,west,47,44.8,0,Saturday,5,21
2022-05-28,auto_liability,west,137,62.9,0,Saturday,5,21
2022-05-28,property_damage,midwest,68,53.5,0,Saturday,5,21
2022-05-28,weather_event,south,17,81.9,0,Saturday,5,21
2022-05-29,auto_collision,west,83,47.0,0,Sunday,5,21
2022-05-29,auto_liability,midwest,86,65.3,0,Sunday,5,21
2022-05-29,property_damage,midwest,9,55.6,0,Sunday,5,21
2022-05-29,weather_event,south,12,77.8,0,Sunday,5,21
2022-05-30,auto_collision,midwest,257,50.3,0,Monday,5,22
2022-05-30,auto_liability,midwest,153,58.6,0,Monday,5,22
2022-05-30,property_damage,west,25,56.6,0,Monday,5,22
2022-05-30,weather_event,south,0,81.9,0,Monday,5,22
2022-05-31,auto_collision,midwest,62,41.1,0,Tuesday,5,22
2022-05-31,auto_liability,midwest,167,69.4,0,Tuesday,5,22
2022-05-31,property_damage,northeast,124,47.4,0,Tuesday,5,22
2022-05-31,weather_event,west,27,66.5,0,Tuesday,5,22
2022-06-01,auto_collision,northeast,130,50.1,0,Wednesday,6,22
2022-06-01,auto_liability,midwest,67,55.4,0,Wednesday,6,22
2022-06-01,property_damage,midwest,151,58.9,0,Wednesday,6,22
2022-06-01,weather_event,northeast,51,70.3,0,Wednesday,6,22
2022-06-02,auto_collision,northeast,52,44.8,0,Thursday,6,22
2022-06-02,auto_liability,west,104,65.5,0,Thursday,6,22
2022-06-02,property_damage,south,222,61.5,0,Thursday,6,22
2022-06-02,weather_event,northeast,14,74.4,0,Thursday,6,22
2022-06-03,auto_collision,midwest,135,39.0,0,Friday,6,22
2022-06-03,auto_liability,northeast,163,67.0,0,Friday,6,22
2022-06-03,property_damage,midwest,89,54.1,0,Friday,6,22
2022-06-03,weather_event,west,58,81.5,0,Friday,6,22
2022-06-04,auto_collision,northeast,59,42.3,0,Saturday,6,22
2022-06-04,auto_liability,northeast,122,60.0,0,Saturday,6,22
2022-06-04,property_damage,midwest,22,43.6,0,Saturday,6,22
2022-06-04,weather_event,midwest,76,74.0,0,Saturday,6,22
2022-06-05,auto_collision,midwest,68,45.6,0,Sunday,6,22
2022-06-05,auto_liability,west,80,55.4,0,Sunday,6,22
2022-06-05,property_damage,west,5,63.2,0,Sunday,6,22
2022-06-05,weather_event,west,32,71.2,0,Sunday,6,22
2022-06-06,auto_collision,south,224,48.9,0,Monday,6,23
2022-06-06,auto_liability,northeast,114,66.4,0,Monday,6,23
2022-06-06,property_damage,west,91,50.8,0,Monday,6,23
2022-06-06,weather_event,midwest,2,72.5,0,Monday,6,23
2022-06-07,auto_collision,northeast,35,33.6,0,Tuesday,6,23
2022-06-07,auto_liability,northeast,184,67.7,0,Tuesday,6,23
2022-06-07,property_damage,south,97,59.6,0,Tuesday,6,23
2022-06-07,weather_event,northeast,126,63.0,0,Tuesday,6,23
2022-06-08,auto_collision,midwest,476,37.0,1,Wednesday,6,23
2022-06-08,auto_liability,northeast,244,59.7,1,Wednesday,6,23
2022-06-08,property_damage,west,99,46.6,1,Wednesday,6,23
2022-06-08,weather_event,west,175,74.2,1,Wednesday,6,23
2022-06-09,auto_collision,northeast,107,41.4,0,Thursday,6,23
2022-06-09,auto_liability,midwest,159,56.2,0,Thursday,6,23
2022-06-09,property_damage,northeast,77,54.3,0,Thursday,6,23
2022-06-09,weather_event,south,34,79.3,0,Thursday,6,23
2022-06-10,auto_collision,west,188,43.0,0,Friday,6,23
2022-06-10,auto_liability,west,167,64.7,0,Friday,6,23
2022-06-10,property_damage,south,53,56.8,0,Friday,6,23
2022-06-10,weather_event,northeast,1,82.3,0,Friday,6,23
2022-06-11,auto_collision,west,141,48.0,0,Saturday,6,23
2022-06-11,auto_liability,midwest,13,53.9,0,Saturday,6,23
2022-06-11,property_damage,northeast,121,60.7,0,Saturday,6,23
2022-06-11,weather_event,west,17,69.4,0,Saturday,6,23
2022-06-12,auto_collision,northeast,107,46.5,0,Sunday,6,23
2022-06-12,auto_liability,west,25,56.4,0,Sunday,6,23
2022-06-12,property_damage,northeast,34,61.6,0,Sunday,6,23
2022-06-12,weather_event,south,10,70.9,0,Sunday,6,23
2022-06-13,auto_collision,northeast,178,50.1,0,Monday,6,24
2022-06-13,auto_liability,northeast,48,64.5,0,Monday,6,24
2022-06-13,property_damage,south,187,66.5,0,Monday,6,24
2022-06-13,weather_event,west,29,73.6,0,Monday,6,24
2022-06-14,auto_collision,midwest,48,42.2,0,Tuesday,6,24
2022-06-14,auto_liability,south,238,57.8,0,Tuesday,6,24
2022-06-14,property_damage,south,96,54.8,0,Tuesday,6,24
2022-06-14,weather_event,south,31,70.4,0,Tuesday,6,24
2022-06-15,auto_collision,south,113,49.2,0,Wednesday,6,24
2022-06-15,auto_liability,midwest,138,67.1,0,Wednesday,6,24
2022-06-15,property_damage,midwest,169,56.8,0,Wednesday,6,24
2022-06-15,weather_event,west,15,67.9,0,Wednesday,6,24
2022-06-16,auto_collision,west,62,45.4,0,Thursday,6,24
2022-06-16,auto_liability,west,192,68.9,0,Thursday,6,24
2022-06-16,property_damage,west,116,58.3,0,Thursday,6,24
2022-06-16,weather_event,midwest,0,65.9,0,Thursday,6,24
2022-06-17,auto_collision,northeast,258,43.8,0,Friday,6,24
2022-06-17,auto_liability,midwest,115,57.6,0,Friday,6,24
2022-06-17,property_damage,west,82,59.3,0,Friday,6,24
2022-06-17,weather_event,west,6,90.1,0,Friday,6,24
2022-06-18,auto_collision,midwest,98,41.3,0,Saturday,6,24
2022-06-18,auto_liability,northeast,101,53.7,0,Saturday,6,24
2022-06-18,property_damage,south,73,55.3,0,Saturday,6,24
2022-06-18,weather_event,midwest,12,67.4,0,Saturday,6,24
2022-06-19,auto_collision,midwest,36,38.2,0,Sunday,6,24
2022-06-19,auto_liability,northeast,24,58.4,0,Sunday,6,24
2022-06-19,property_damage,west,84,50.5,0,Sunday,6,24
2022-06-19,weather_event,midwest,34,96.9,0,Sunday,6,24
2022-06-20,auto_collision,south,155,45.0,0,Monday,6,25
2022-06-20,auto_liability,west,235,53.6,0,Monday,6,25
2022-06-20,property_damage,south,67,56.7,0,Monday,6,25
2022-06-20,weather_event,south,30,74.2,0,Monday,6,25
2022-06-21,auto_collision,south,184,44.1,0,Tuesday,6,25
2022-06-21,auto_liability,midwest,65,63.2,0,Tuesday,6,25
2022-06-21,property_damage,midwest,115,58.3,0,Tuesday,6,25
2022-06-21,weather_event,west,74,73.3,0,Tuesday,6,25
2022-06-22,auto_collision,south,33,40.8,0,Wednesday,6,25
2022-06-22,auto_liability,northeast,187,58.7,0,Wednesday,6,25
2022-06-22,property_damage,west,147,63.0,0,Wednesday,6,25
2022-06-22,weather_event,midwest,57,85.9,0,Wednesday,6,25
2022-06-23,auto_collision,midwest,120,32.7,0,Thursday,6,25
2022-06-23,auto_liability,northeast,127,56.0,0,Thursday,6,25
2022-06-23,property_damage,south,113,54.0,0,Thursday,6,25
2022-06-23,weather_event,west,29,75.7,0,Thursday,6,25
2022-06-24,auto_collision,south,196,52.4,0,Friday,6,25
2022-06-24,auto_liability,midwest,103,66.6,0,Friday,6,25
2022-06-24,property_damage,west,125,54.3,0,Friday,6,25
2022-06-24,weather_event,midwest,13,60.4,0,Friday,6,25
2022-06-25,auto_collision,south,113,45.2,0,Saturday,6,25
2022-06-25,auto_liability,midwest,90,60.8,0,Saturday,6,25
2022-06-25,property_damage,west,51,51.8,0,Saturday,6,25
2022-06-25,weather_event,west,16,80.7,0,Saturday,6,25
2022-06-26,auto_collision,northeast,57,51.8,0,Sunday,6,25
2022-06-26,auto_liability,northeast,37,66.0,0,Sunday,6,25
2022-06-26,property_damage,midwest,3,59.5,0,Sunday,6,25
2022-06-26,weather_event,south,58,81.9,0,Sunday,6,25
2022-06-27,auto_collision,northeast,152,46.1,0,Monday,6,26
2022-06-27,auto_liability,midwest,180,56.3,0,Monday,6,26
2022-06-27,property_damage,south,74,43.6,0,Monday,6,26
2022-06-27,weather_event,south,8,71.6,0,Monday,6,26
2022-06-28,auto_collision,midwest,576,42.9,1,Tuesday,6,26
2022-06-28,auto_liability,west,327,59.0,1,Tuesday,6,26
2022-06-28,property_damage,west,116,53.7,1,Tuesday,6,26
2022-06-28,weather_event,west,13,73.2,1,Tuesday,6,26
2022-06-29,auto_collision,west,132,51.5,0,Wednesday,6,26
2022-06-29,auto_liability,northeast,46,70.5,0,Wednesday,6,26
2022-06-29,property_damage,south,168,50.3,0,Wednesday,6,26
2022-06-29,weather_event,northeast,27,70.3,0,Wednesday,6,26
2022-06-30,auto_collision,south,175,42.5,0,Thursday,6,26
2022-06-30,auto_liability,midwest,125,67.8,0,Thursday,6,26
2022-06-30,property_damage,northeast,45,57.6,0,Thursday,6,26
2022-06-30,weather_event,west,109,84.6,0,Thursday,6,26
2022-07-01,auto_collision,midwest,261,50.3,0,Friday,7,26
2022-07-01,auto_liability,west,70,69.6,0,Friday,7,26
2022-07-01,property_damage,south,94,54.2,0,Friday,7,26
2022-07-01,weather_event,south,20,57.8,0,Friday,7,26
2022-07-02,auto_collision,midwest,116,43.8,0,Saturday,7,26
2022-07-02,auto_liability,west,83,66.5,0,Saturday,7,26
2022-07-02,property_damage,midwest,73,51.0,0,Saturday,7,26
2022-07-02,weather_event,south,25,67.8,0,Saturday,7,26
2022-07-03,auto_collision,northeast,106,51.0,0,Sunday,7,26
2022-07-03,auto_liability,west,45,60.0,0,Sunday,7,26
2022-07-03,property_damage,midwest,22,60.2,0,Sunday,7,26
2022-07-03,weather_event,west,8,74.9,0,Sunday,7,26
2022-07-04,auto_collision,northeast,26,49.8,0,Monday,7,27
2022-07-04,auto_liability,west,40,62.7,0,Monday,7,27
2022-07-04,property_damage,west,56,58.9,0,Monday,7,27
2022-07-04,weather_event,south,50,74.7,0,Monday,7,27
2022-07-05,auto_collision,northeast,99,44.5,0,Tuesday,7,27
2022-07-05,auto_liability,south,224,60.5,0,Tuesday,7,27
2022-07-05,property_damage,south,94,54.5,0,Tuesday,7,27
2022-07-05,weather_event,south,17,92.0,0,Tuesday,7,27
2022-07-06,auto_collision,south,152,48.0,0,Wednesday,7,27
2022-07-06,auto_liability,northeast,126,66.6,0,Wednesday,7,27
2022-07-06,property_damage,south,79,47.7,0,Wednesday,7,27
2022-07-06,weather_event,south,38,74.9,0,Wednesday,7,27
2022-07-07,auto_collision,west,36,43.5,0,Thursday,7,27
2022-07-07,auto_liability,midwest,188,63.2,0,Thursday,7,27
2022-07-07,property_damage,midwest,110,67.0,0,Thursday,7,27
2022-07-07,weather_event,west,55,76.2,0,Thursday,7,27
2022-07-08,auto_collision,midwest,31,45.9,0,Friday,7,27
2022-07-08,auto_liability,midwest,53,63.3,0,Friday,7,27
2022-07-08,property_damage,midwest,232,62.1,0,Friday,7,27
2022-07-08,weather_event,midwest,112,82.6,0,Friday,7,27
2022-07-09,auto_collision,west,79,38.6,0,Saturday,7,27
2022-07-09,auto_liability,south,143,65.0,0,Saturday,7,27
2022-07-09,property_damage,south,68,65.6,0,Saturday,7,27
2022-07-09,weather_event,west,18,80.7,0,Saturday,7,27
2022-07-10,auto_collision,south,120,44.0,0,Sunday,7,27
2022-07-10,auto_liability,south,9,57.0,0,Sunday,7,27
2022-07-10,property_damage,west,43,54.8,0,Sunday,7,27
2022-07-10,weather_event,midwest,14,71.1,0,Sunday,7,27
2022-07-11,auto_collision,northeast,135,45.5,0,Monday,7,28
2022-07-11,auto_liability,west,134,57.3,0,Monday,7,28
2022-07-11,property_damage,midwest,66,54.6,0,Monday,7,28
2022-07-11,weather_event,midwest,99,71.9,0,Monday,7,28
2022-07-12,auto_collision,west,169,49.6,0,Tuesday,7,28
2022-07-12,auto_liability,south,84,60.4,0,Tuesday,7,28
2022-07-12,property_damage,northeast,76,39.4,0,Tuesday,7,28
2022-07-12,weather_event,west,87,71.0,0,Tuesday,7,28
2022-07-13,auto_collision,northeast,239,40.8,0,Wednesday,7,28
2022-07-13,auto_liability,midwest,103,61.4,0,Wednesday,7,28
2022-07-13,property_damage,midwest,46,50.9,0,Wednesday,7,28
2022-07-13,weather_event,west,40,83.0,0,Wednesday,7,28
2022-07-14,auto_collision,south,107,41.5,0,Thursday,7,28
2022-07-14,auto_liability,west,167,58.3,0,Thursday,7,28
2022-07-14,property_damage,west,53,60.8,0,Thursday,7,28
2022-07-14,weather_event,west,39,67.2,0,Thursday,7,28
2022-07-15,auto_collision,midwest,184,43.4,0,Friday,7,28
2022-07-15,auto_liability,west,112,44.7,0,Friday,7,28
2022-07-15,property_damage,midwest,81,61.3,0,Friday,7,28
2022-07-15,weather_event,south,33,70.3,0,Friday,7,28
2022-07-16,auto_collision,midwest,16,48.7,0,Saturday,7,28
2022-07-16,auto_liability,south,207,56.6,0,Saturday,7,28
2022-07-16,property_damage,midwest,34,59.9,0,Saturday,7,28
2022-07-16,weather_event,midwest,6,71.1,0,Saturday,7,28
2022-07-17,auto_collision,south,110,44.3,0,Sunday,7,28
2022-07-17,auto_liability,midwest,44,68.7,0,Sunday,7,28
2022-07-17,property_damage,northeast,27,51.7,0,Sunday,7,28
2022-07-17,weather_event,south,12,88.5,0,Sunday,7,28
2022-07-18,auto_collision,northeast,180,45.4,0,Monday,7,29
2022-07-18,auto_liability,northeast,44,66.5,0,Monday,7,29
2022-07-18,property_damage,west,185,55.0,0,Monday,7,29
2022-07-18,weather_event,midwest,46,58.8,0,Monday,7,29
2022-07-19,auto_collision,midwest,141,42.9,0,Tuesday,7,29
2022-07-19,auto_liability,midwest,70,50.2,0,Tuesday,7,29
2022-07-19,property_damage,south,100,54.5,0,Tuesday,7,29
2022-07-19,weather_event,west,122,78.1,0,Tuesday,7,29
2022-07-20,auto_collision,west,84,53.2,0,Wednesday,7,29
2022-07-20,auto_liability,midwest,140,61.2,0,Wednesday,7,29
2022-07-20,property_damage,midwest,111,49.7,0,Wednesday,7,29
2022-07-20,weather_event,midwest,51,74.1,0,Wednesday,7,29
2022-07-21,auto_collision,midwest,139,46.2,0,Thursday,7,29
2022-07-21,auto_liability,midwest,31,50.0,0,Thursday,7,29
2022-07-21,property_damage,midwest,234,59.0,0,Thursday,7,29
2022-07-21,weather_event,midwest,3,75.9,0,Thursday,7,29
2022-07-22,auto_collision,west,117,45.3,0,Friday,7,29
2022-07-22,auto_liability,south,172,58.6,0,Friday,7,29
2022-07-22,property_damage,northeast,72,44.8,0,Friday,7,29
2022-07-22,weather_event,northeast,43,84.2,0,Friday,7,29
2022-07-23,auto_collision,midwest,85,48.8,0,Saturday,7,29
2022-07-23,auto_liability,west,77,59.1,0,Saturday,7,29
2022-07-23,property_damage,midwest,110,65.6,0,Saturday,7,29
2022-07-23,weather_event,south,24,77.9,0,Saturday,7,29
2022-07-24,auto_collision,midwest,33,42.3,0,Sunday,7,29
2022-07-24,auto_liability,northeast,28,55.1,0,Sunday,7,29
2022-07-24,property_damage,south,134,39.0,0,Sunday,7,29
2022-07-24,weather_event,northeast,14,76.7,0,Sunday,7,29
2022-07-25,auto_collision,south,93,43.7,0,Monday,7,30
2022-07-25,auto_liability,south,208,54.2,0,Monday,7,30
2022-07-25,property_damage,west,94,48.1,0,Monday,7,30
2022-07-25,weather_event,west,21,81.9,0,Monday,7,30
2022-07-26,auto_collision,south,82,35.9,0,Tuesday,7,30
2022-07-26,auto_liability,northeast,207,69.1,0,Tuesday,7,30
2022-07-26,property_damage,west,81,56.6,0,Tuesday,7,30
2022-07-26,weather_event,northeast,20,72.3,0,Tuesday,7,30
2022-07-27,auto_collision,south,187,44.1,0,Wednesday,7,30
2022-07-27,auto_liability,midwest,39,62.1,0,Wednesday,7,30
2022-07-27,property_damage,northeast,94,48.8,0,Wednesday,7,30
2022-07-27,weather_event,south,67,72.4,0,Wednesday,7,30
2022-07-28,auto_collision,west,130,42.2,0,Thursday,7,30
2022-07-28,auto_liability,west,41,54.7,0,Thursday,7,30
2022-07-28,property_damage,west,30,63.4,0,Thursday,7,30
2022-07-28,weather_event,midwest,169,66.8,0,Thursday,7,30
2022-07-29,auto_collision,south,272,49.1,0,Friday,7,30
2022-07-29,auto_liability,midwest,33,54.5,0,Friday,7,30
2022-07-29,property_damage,midwest,50,63.6,0,Friday,7,30
2022-07-29,weather_event,midwest,29,76.1,0,Friday,7,30
2022-07-30,auto_collision,northeast,262,43.9,1,Saturday,7,30
2022-07-30,auto_liability,south,267,57.6,1,Saturday,7,30
2022-07-30,property_damage,south,83,51.7,1,Saturday,7,30
2022-07-30,weather_event,west,49,79.5,1,Saturday,7,30
2022-07-31,auto_collision,south,35,46.0,0,Sunday,7,30
2022-07-31,auto_liability,northeast,81,60.0,0,Sunday,7,30
2022-07-31,property_damage,south,47,50.8,0,Sunday,7,30
2022-07-31,weather_event,south,0,73.5,0,Sunday,7,30
2022-08-01,auto_collision,midwest,24,42.3,0,Monday,8,31
2022-08-01,auto_liability,west,299,58.2,0,Monday,8,31
2022-08-01,property_damage,south,80,61.2,0,Monday,8,31
2022-08-01,weather_event,west,4,95.7,0,Monday,8,31
2022-08-02,auto_collision,midwest,156,49.8,0,Tuesday,8,31
2022-08-02,auto_liability,west,122,66.5,0,Tuesday,8,31
2022-08-02,property_damage,northeast,60,54.6,0,Tuesday,8,31
2022-08-02,weather_event,midwest,58,77.6,0,Tuesday,8,31
2022-08-03,auto_collision,west,138,50.6,0,Wednesday,8,31
2022-08-03,auto_liability,northeast,133,59.0,0,Wednesday,8,31
2022-08-03,property_damage,midwest,49,53.2,0,Wednesday,8,31
2022-08-03,weather_event,midwest,47,78.2,0,Wednesday,8,31
2022-08-04,auto_collision,midwest,73,47.3,0,Thursday,8,31
2022-08-04,auto_liability,west,141,67.4,0,Thursday,8,31
2022-08-04,property_damage,midwest,88,61.5,0,Thursday,8,31
2022-08-04,weather_event,south,73,81.2,0,Thursday,8,31
2022-08-05,auto_collision,midwest,135,50.7,0,Friday,8,31
2022-08-05,auto_liability,northeast,86,49.3,0,Friday,8,31
2022-08-05,property_damage,west,207,59.1,0,Friday,8,31
2022-08-05,weather_event,south,7,82.4,0,Friday,8,31
2022-08-06,auto_collision,south,137,50.8,0,Saturday,8,31
2022-08-06,auto_liability,south,70,63.3,0,Saturday,8,31
2022-08-06,property_damage,west,21,57.5,0,Saturday,8,31
2022-08-06,weather_event,midwest,22,74.5,0,Saturday,8,31
2022-08-07,auto_collision,south,35,46.8,0,Sunday,8,31
2022-08-07,auto_liability,south,57,61.0,0,Sunday,8,31
2022-08-07,property_damage,northeast,47,63.1,0,Sunday,8,31
2022-08-07,weather_event,midwest,49,62.5,0,Sunday,8,31
2022-08-08,auto_collision,south,162,40.8,0,Monday,8,32
2022-08-08,auto_liability,west,130,49.0,0,Monday,8,32
2022-08-08,property_damage,west,149,53.1,0,Monday,8,32
2022-08-08,weather_event,midwest,17,58.3,0,Monday,8,32
2022-08-09,auto_collision,west,87,44.8,0,Tuesday,8,32
2022-08-09,auto_liability,northeast,145,53.1,0,Tuesday,8,32
2022-08-09,property_damage,northeast,130,61.0,0,Tuesday,8,32
2022-08-09,weather_event,south,14,67.0,0,Tuesday,8,32
2022-08-10,auto_collision,midwest,171,42.3,0,Wednesday,8,32
2022-08-10,auto_liability,northeast,89,54.5,0,Wednesday,8,32
2022-08-10,property_damage,midwest,68,54.4,0,Wednesday,8,32
2022-08-10,weather_event,south,20,92.2,0,Wednesday,8,32
2022-08-11,auto_collision,south,192,42.6,0,Thursday,8,32
2022-08-11,auto_liability,west,113,64.9,0,Thursday,8,32
2022-08-11,property_damage,south,48,51.2,0,Thursday,8,32
2022-08-11,weather_event,west,2,66.7,0,Thursday,8,32
2022-08-12,auto_collision,south,217,44.0,0,Friday,8,32
2022-08-12,auto_liability,west,65,49.1,0,Friday,8,32
2022-08-12,property_damage,west,33,53.4,0,Friday,8,32
2022-08-12,weather_event,northeast,82,81.6,0,Friday,8,32
2022-08-13,auto_collision,midwest,92,47.5,0,Saturday,8,32
2022-08-13,auto_liability,west,143,60.6,0,Saturday,8,32
2022-08-13,property_damage,south,37,62.6,0,Saturday,8,32
2022-08-13,weather_event,south,1,67.7,0,Saturday,8,32
2022-08-14,auto_collision,west,117,42.7,0,Sunday,8,32
2022-08-14,auto_liability,west,29,60.8,0,Sunday,8,32
2022-08-14,property_damage,west,18,67.5,0,Sunday,8,32
2022-08-14,weather_event,west,18,69.3,0,Sunday,8,32
2022-08-15,auto_collision,midwest,96,38.0,0,Monday,8,33
2022-08-15,auto_liability,midwest,187,60.2,0,Monday,8,33
2022-08-15,property_damage,south,49,47.0,0,Monday,8,33
2022-08-15,weather_event,midwest,95,76.9,0,Monday,8,33
2022-08-16,auto_collision,south,134,44.0,0,Tuesday,8,33
2022-08-16,auto_liability,south,195,67.6,0,Tuesday,8,33
2022-08-16,property_damage,south,46,58.1,0,Tuesday,8,33
2022-08-16,weather_event,west,6,82.0,0,Tuesday,8,33
2022-08-17,auto_collision,west,188,41.1,0,Wednesday,8,33
2022-08-17,auto_liability,west,50,57.7,0,Wednesday,8,33
2022-08-17,property_damage,northeast,82,49.9,0,Wednesday,8,33
2022-08-17,weather_event,west,16,78.5,0,Wednesday,8,33
2022-08-18,auto_collision,northeast,184,48.0,0,Thursday,8,33
2022-08-18,auto_liability,northeast,50,60.7,0,Thursday,8,33
2022-08-18,property_damage,northeast,46,48.1,0,Thursday,8,33
2022-08-18,weather_event,south,80,74.6,0,Thursday,8,33
2022-08-19,auto_collision,west,135,51.3,0,Friday,8,33
2022-08-19,auto_liability,northeast,59,61.4,0,Friday,8,33
2022-08-19,property_damage,west,103,57.7,0,Friday,8,33
2022-08-19,weather_event,midwest,117,78.7,0,Friday,8,33
2022-08-20,auto_collision,northeast,147,45.5,1,Saturday,8,33
2022-08-20,auto_liability,west,274,66.3,1,Saturday,8,33
2022-08-20,property_damage,northeast,140,66.6,1,Saturday,8,33
2022-08-20,weather_event,midwest,3,82.6,1,Saturday,8,33
2022-08-21,auto_collision,south,32,41.4,0,Sunday,8,33
2022-08-21,auto_liability,west,42,61.7,0,Sunday,8,33
2022-08-21,property_damage,south,39,38.0,0,Sunday,8,33
2022-08-21,weather_event,west,66,75.5,0,Sunday,8,33
2022-08-22,auto_collision,south,225,50.8,0,Monday,8,34
2022-08-22,auto_liability,midwest,127,61.7,0,Monday,8,34
2022-08-22,property_damage,west,53,49.7,0,Monday,8,34
2022-08-22,weather_event,west,2,84.3,0,Monday,8,34
2022-08-23,auto_collision,south,70,47.9,0,Tuesday,8,34
2022-08-23,auto_liability,midwest,88,74.9,0,Tuesday,8,34
2022-08-23,property_damage,northeast,85,37.0,0,Tuesday,8,34
2022-08-23,weather_event,west,132,71.7,0,Tuesday,8,34
2022-08-24,auto_collision,midwest,162,43.2,0,Wednesday,8,34
2022-08-24,auto_liability,midwest,35,58.1,0,Wednesday,8,34
2022-08-24,property_damage,west,122,52.9,0,Wednesday,8,34
2022-08-24,weather_event,west,25,77.8,0,Wednesday,8,34
2022-08-25,auto_collision,midwest,184,51.4,0,Thursday,8,34
2022-08-25,auto_liability,midwest,93,60.7,0,Thursday,8,34
2022-08-25,property_damage,south,61,53.0,0,Thursday,8,34
2022-08-25,weather_event,northeast,11,78.4,0,Thursday,8,34
2022-08-26,auto_collision,west,115,46.1,0,Friday,8,34
2022-08-26,auto_liability,northeast,101,65.2,0,Friday,8,34
2022-08-26,property_damage,midwest,21,55.8,0,Friday,8,34
2022-08-26,weather_event,northeast,136,68.5,0,Friday,8,34
2022-08-27,auto_collision,northeast,27,48.1,0,Saturday,8,34
2022-08-27,auto_liability,west,81,60.7,0,Saturday,8,34
2022-08-27,property_damage,midwest,149,50.5,0,Saturday,8,34
2022-08-27,weather_event,south,2,77.4,0,Saturday,8,34
2022-08-28,auto_collision,northeast,59,49.3,0,Sunday,8,34
2022-08-28,auto_liability,west,55,72.6,0,Sunday,8,34
2022-08-28,property_damage,midwest,58,50.4,0,Sunday,8,34
2022-08-28,weather_event,northeast,0,73.2,0,Sunday,8,34
2022-08-29,auto_collision,northeast,87,42.3,0,Monday,8,35
2022-08-29,auto_liability,south,33,57.2,0,Monday,8,35
2022-08-29,property_damage,northeast,246,58.2,0,Monday,8,35
2022-08-29,weather_event,west,6,73.3,0,Monday,8,35
2022-08-30,auto_collision,south,103,52.2,0,Tuesday,8,35
2022-08-30,auto_liability,west,95,60.9,0,Tuesday,8,35
2022-08-30,property_damage,west,89,45.7,0,Tuesday,8,35
2022-08-30,weather_event,midwest,78,77.5,0,Tuesday,8,35
2022-08-31,auto_collision,west,159,42.8,0,Wednesday,8,35
2022-08-31,auto_liability,south,109,60.3,0,Wednesday,8,35
2022-08-31,property_damage,northeast,16,55.6,0,Wednesday,8,35
2022-08-31,weather_event,northeast,46,77.4,0,Wednesday,8,35
2022-09-01,auto_collision,west,153,42.7,0,Thursday,9,35
2022-09-01,auto_liability,northeast,116,54.8,0,Thursday,9,35
2022-09-01,property_damage,west,36,49.5,0,Thursday,9,35
2022-09-01,weather_event,northeast,46,68.2,0,Thursday,9,35
2022-09-02,auto_collision,south,131,49.4,0,Friday,9,35
2022-09-02,auto_liability,midwest,158,67.2,0,Friday,9,35
2022-09-02,property_damage,northeast,92,67.1,0,Friday,9,35
2022-09-02,weather_event,midwest,9,79.3,0,Friday,9,35
2022-09-03,auto_collision,midwest,108,49.8,0,Saturday,9,35
2022-09-03,auto_liability,northeast,93,56.8,0,Saturday,9,35
2022-09-03,property_damage,midwest,40,54.3,0,Saturday,9,35
2022-09-03,weather_event,south,18,65.9,0,Saturday,9,35
2022-09-04,auto_collision,midwest,47,51.2,0,Sunday,9,35
2022-09-04,auto_liability,south,102,59.8,0,Sunday,9,35
2022-09-04,property_damage,west,16,49.9,0,Sunday,9,35
2022-09-04,weather_event,south,6,77.0,0,Sunday,9,35
2022-09-05,auto_collision,west,90,47.6,1,Monday,9,36
2022-09-05,auto_liability,midwest,704,63.0,1,Monday,9,36
2022-09-05,property_damage,northeast,179,64.8,1,Monday,9,36
2022-09-05,weather_event,west,12,73.8,1,Monday,9,36
2022-09-06,auto_collision,northeast,51,52.2,0,Tuesday,9,36
2022-09-06,auto_liability,south,95,62.5,0,Tuesday,9,36
2022-09-06,property_damage,midwest,185,55.2,0,Tuesday,9,36
2022-09-06,weather_event,northeast,5,73.2,0,Tuesday,9,36
2022-09-07,auto_collision,west,263,45.1,0,Wednesday,9,36
2022-09-07,auto_liability,west,7,62.7,0,Wednesday,9,36
2022-09-07,property_damage,west,19,60.0,0,Wednesday,9,36
2022-09-07,weather_event,northeast,14,85.2,0,Wednesday,9,36
2022-09-08,auto_collision,northeast,186,35.7,0,Thursday,9,36
2022-09-08,auto_liability,west,74,59.3,0,Thursday,9,36
2022-09-08,property_damage,west,41,53.8,0,Thursday,9,36
2022-09-08,weather_event,west,32,75.8,0,Thursday,9,36
2022-09-09,auto_collision,south,145,44.1,0,Friday,9,36
2022-09-09,auto_liability,west,145,65.1,0,Friday,9,36
2022-09-09,property_damage,south,44,54.7,0,Friday,9,36
2022-09-09,weather_event,midwest,18,76.5,0,Friday,9,36
2022-09-10,auto_collision,south,101,45.4,0,Saturday,9,36
2022-09-10,auto_liability,west,60,54.1,0,Saturday,9,36
2022-09-10,property_damage,south,61,55.5,0,Saturday,9,36
2022-09-10,weather_event,west,2,62.2,0,Saturday,9,36
2022-09-11,auto_collision,midwest,63,40.0,0,Sunday,9,36
2022-09-11,auto_liability,west,76,64.0,0,Sunday,9,36
2022-09-11,property_damage,northeast,14,51.3,0,Sunday,9,36
2022-09-11,weather_event,northeast,8,80.4,0,Sunday,9,36
2022-09-12,auto_collision,south,137,44.8,0,Monday,9,37
2022-09-12,auto_liability,west,169,67.5,0,Monday,9,37
2022-09-12,property_damage,south,87,59.1,0,Monday,9,37
2022-09-12,weather_event,midwest,5,67.5,0,Monday,9,37
2022-09-13,auto_collision,northeast,219,45.4,0,Tuesday,9,37
2022-09-13,auto_liability,west,63,58.7,0,Tuesday,9,37
2022-09-13,property_damage,northeast,119,57.3,0,Tuesday,9,37
2022-09-13,weather_event,northeast,4,80.3,0,Tuesday,9,37
2022-09-14,auto_collision,south,62,44.4,0,Wednesday,9,37
2022-09-14,auto_liability,south,85,55.7,0,Wednesday,9,37
2022-09-14,property_damage,midwest,95,48.3,0,Wednesday,9,37
2022-09-14,weather_event,south,66,60.5,0,Wednesday,9,37
2022-09-15,auto_collision,south,189,45.1,0,Thursday,9,37
2022-09-15,auto_liability,midwest,37,57.9,0,Thursday,9,37
2022-09-15,property_damage,northeast,66,52.0,0,Thursday,9,37
2022-09-15,weather_event,south,27,79.3,0,Thursday,9,37
2022-09-16,auto_collision,midwest,122,49.7,0,Friday,9,37
2022-09-16,auto_liability,south,32,63.9,0,Friday,9,37
2022-09-16,property_damage,south,178,56.4,0,Friday,9,37
2022-09-16,weather_event,midwest,26,84.5,0,Friday,9,37
2022-09-17,auto_collision,midwest,104,42.7,0,Saturday,9,37
2022-09-17,auto_liability,midwest,64,65.4,0,Saturday,9,37
2022-09-17,property_damage,northeast,16,61.8,0,Saturday,9,37
2022-09-17,weather_event,south,10,90.5,0,Saturday,9,37
2022-09-18,auto_collision,west,48,53.0,0,Sunday,9,37
2022-09-18,auto_liability,northeast,49,72.9,0,Sunday,9,37
2022-09-18,property_damage,west,37,62.3,0,Sunday,9,37
2022-09-18,weather_event,west,8,72.2,0,Sunday,9,37
2022-09-19,auto_collision,midwest,155,48.8,0,Monday,9,38
2022-09-19,auto_liability,northeast,157,54.7,0,Monday,9,38
2022-09-19,property_damage,northeast,42,63.0,0,Monday,9,38
2022-09-19,weather_event,midwest,22,68.3,0,Monday,9,38
2022-09-20,auto_collision,south,195,41.3,0,Tuesday,9,38
2022-09-20,auto_liability,west,112,62.6,0,Tuesday,9,38
2022-09-20,property_damage,west,33,44.1,0,Tuesday,9,38
2022-09-20,weather_event,west,19,70.2,0,Tuesday,9,38
2022-09-21,auto_collision,south,204,48.3,0,Wednesday,9,38
2022-09-21,auto_liability,northeast,67,63.1,0,Wednesday,9,38
2022-09-21,property_damage,south,34,49.0,0,Wednesday,9,38
2022-09-21,weather_event,midwest,0,69.1,0,Wednesday,9,38
2022-09-22,auto_collision,south,65,42.3,0,Thursday,9,38
2022-09-22,auto_liability,south,101,57.1,0,Thursday,9,38
2022-09-22,property_damage,west,138,66.1,0,Thursday,9,38
2022-09-22,weather_event,west,14,74.8,0,Thursday,9,38
2022-09-23,auto_collision,midwest,66,50.6,0,Friday,9,38
2022-09-23,auto_liability,west,118,62.2,0,Friday,9,38
2022-09-23,property_damage,south,142,62.5,0,Friday,9,38
2022-09-23,weather_event,west,33,73.7,0,Friday,9,38
2022-09-24,auto_collision,midwest,117,47.1,0,Saturday,9,38
2022-09-24,auto_liability,west,47,52.7,0,Saturday,9,38
2022-09-24,property_damage,northeast,23,61.7,0,Saturday,9,38
2022-09-24,weather_event,midwest,10,74.5,0,Saturday,9,38
2022-09-25,auto_collision,west,72,48.5,0,Sunday,9,38
2022-09-25,auto_liability,west,60,60.3,0,Sunday,9,38
2022-09-25,property_damage,west,13,48.4,0,Sunday,9,38
2022-09-25,weather_event,northeast,6,62.3,0,Sunday,9,38
2022-09-26,auto_collision,west,55,37.7,0,Monday,9,39
2022-09-26,auto_liability,northeast,145,54.7,0,Monday,9,39
2022-09-26,property_damage,midwest,123,51.5,0,Monday,9,39
2022-09-26,weather_event,west,23,76.3,0,Monday,9,39
2022-09-27,auto_collision,west,64,44.7,0,Tuesday,9,39
2022-09-27,auto_liability,northeast,121,60.4,0,Tuesday,9,39
2022-09-27,property_damage,south,107,65.2,0,Tuesday,9,39
2022-09-27,weather_event,south,11,80.8,0,Tuesday,9,39
2022-09-28,auto_collision,midwest,125,51.1,1,Wednesday,9,39
2022-09-28,auto_liability,south,392,64.0,1,Wednesday,9,39
2022-09-28,property_damage,west,204,53.0,1,Wednesday,9,39
2022-09-28,weather_event,west,7,56.0,1,Wednesday,9,39
2022-09-29,auto_collision,midwest,123,46.4,0,Thursday,9,39
2022-09-29,auto_liability,midwest,150,53.4,0,Thursday,9,39
2022-09-29,property_damage,midwest,14,58.3,0,Thursday,9,39
2022-09-29,weather_event,south,34,84.2,0,Thursday,9,39
2022-09-30,auto_collision,west,157,42.4,0,Friday,9,39
2022-09-30,auto_liability,midwest,95,72.7,0,Friday,9,39
2022-09-30,property_damage,south,60,54.1,0,Friday,9,39
2022-09-30,weather_event,midwest,34,76.0,0,Friday,9,39
2022-10-01,auto_collision,midwest,109,50.3,0,Saturday,10,39
2022-10-01,auto_liability,south,13,63.6,0,Saturday,10,39
2022-10-01,property_damage,northeast,48,48.8,0,Saturday,10,39
2022-10-01,weather_event,south,25,75.5,0,Saturday,10,39
2022-10-02,auto_collision,west,59,42.2,0,Sunday,10,39
2022-10-02,auto_liability,west,10,56.3,0,Sunday,10,39
2022-10-02,property_damage,south,83,54.9,0,Sunday,10,39
2022-10-02,weather_event,south,21,80.9,0,Sunday,10,39
2022-10-03,auto_collision,west,77,52.4,0,Monday,10,40
2022-10-03,auto_liability,west,110,54.6,0,Monday,10,40
2022-10-03,property_damage,midwest,167,43.3,0,Monday,10,40
2022-10-03,weather_event,midwest,0,64.1,0,Monday,10,40
2022-10-04,auto_collision,south,136,46.9,0,Tuesday,10,40
2022-10-04,auto_liability,west,108,65.9,0,Tuesday,10,40
2022-10-04,property_damage,midwest,47,63.7,0,Tuesday,10,40
2022-10-04,weather_event,northeast,23,68.3,0,Tuesday,10,40
2022-10-05,auto_collision,south,91,44.4,0,Wednesday,10,40
2022-10-05,auto_liability,south,93,65.3,0,Wednesday,10,40
2022-10-05,property_damage,northeast,73,58.7,0,Wednesday,10,40
2022-10-05,weather_event,northeast,24,66.1,0,Wednesday,10,40
2022-10-06,auto_collision,northeast,97,41.1,0,Thursday,10,40
2022-10-06,auto_liability,west,41,58.6,0,Thursday,10,40
2022-10-06,property_damage,midwest,61,57.5,0,Thursday,10,40
2022-10-06,weather_event,west,117,76.3,0,Thursday,10,40
2022-10-07,auto_collision,midwest,103,37.5,0,Friday,10,40
2022-10-07,auto_liability,midwest,128,63.9,0,Friday,10,40
2022-10-07,property_damage,south,17,48.5,0,Friday,10,40
2022-10-07,weather_event,south,75,80.1,0,Friday,10,40
2022-10-08,auto_collision,west,76,45.1,0,Saturday,10,40
2022-10-08,auto_liability,northeast,97,72.0,0,Saturday,10,40
2022-10-08,property_damage,south,12,52.6,0,Saturday,10,40
2022-10-08,weather_event,northeast,6,76.1,0,Saturday,10,40
2022-10-09,auto_collision,northeast,65,46.8,0,Sunday,10,40
2022-10-09,auto_liability,midwest,42,50.9,0,Sunday,10,40
2022-10-09,property_damage,west,23,53.7,0,Sunday,10,40
2022-10-09,weather_event,south,22,93.8,0,Sunday,10,40
2022-10-10,auto_collision,west,89,45.5,0,Monday,10,41
2022-10-10,auto_liability,midwest,126,59.1,0,Monday,10,41
2022-10-10,property_damage,northeast,95,57.7,0,Monday,10,41
2022-10-10,weather_event,northeast,9,68.4,0,Monday,10,41
2022-10-11,auto_collision,south,167,45.4,0,Tuesday,10,41
2022-10-11,auto_liability,south,88,59.0,0,Tuesday,10,41
2022-10-11,property_damage,northeast,40,48.5,0,Tuesday,10,41
2022-10-11,weather_event,west,5,76.5,0,Tuesday,10,41
2022-10-12,auto_collision,west,212,41.7,0,Wednesday,10,41
2022-10-12,auto_liability,west,61,68.7,0,Wednesday,10,41
2022-10-12,property_damage,midwest,28,53.4,0,Wednesday,10,41
2022-10-12,weather_event,west,0,82.9,0,Wednesday,10,41
2022-10-13,auto_collision,midwest,112,49.2,0,Thursday,10,41
2022-10-13,auto_liability,northeast,35,68.4,0,Thursday,10,41
2022-10-13,property_damage,west,90,53.4,0,Thursday,10,41
2022-10-13,weather_event,south,45,70.9,0,Thursday,10,41
2022-10-14,auto_collision,midwest,102,37.2,0,Friday,10,41
2022-10-14,auto_liability,northeast,24,62.0,0,Friday,10,41
2022-10-14,property_damage,midwest,85,62.1,0,Friday,10,41
2022-10-14,weather_event,west,70,76.1,0,Friday,10,41
2022-10-15,auto_collision,northeast,76,38.3,0,Saturday,10,41
2022-10-15,auto_liability,south,47,59.3,0,Saturday,10,41
2022-10-15,property_damage,west,54,50.8,0,Saturday,10,41
2022-10-15,weather_event,northeast,3,78.7,0,Saturday,10,41
2022-10-16,auto_collision,northeast,63,45.3,0,Sunday,10,41
2022-10-16,auto_liability,south,28,54.1,0,Sunday,10,41
2022-10-16,property_damage,northeast,36,57.1,0,Sunday,10,41
2022-10-16,weather_event,west,16,75.5,0,Sunday,10,41
2022-10-17,auto_collision,south,94,43.8,0,Monday,10,42
2022-10-17,auto_liability,west,65,56.3,0,Monday,10,42
2022-10-17,property_damage,south,60,53.0,0,Monday,10,42
2022-10-17,weather_event,south,85,84.3,0,Monday,10,42
2022-10-18,auto_collision,south,148,49.6,0,Tuesday,10,42
2022-10-18,auto_liability,midwest,49,69.1,0,Tuesday,10,42
2022-10-18,property_damage,south,111,62.1,0,Tuesday,10,42
2022-10-18,weather_event,midwest,7,84.8,0,Tuesday,10,42
2022-10-19,auto_collision,midwest,96,39.5,0,Wednesday,10,42
2022-10-19,auto_liability,midwest,80,65.4,0,Wednesday,10,42
2022-10-19,property_damage,south,84,51.3,0,Wednesday,10,42
2022-10-19,weather_event,midwest,18,66.3,0,Wednesday,10,42
2022-10-20,auto_collision,northeast,273,48.1,1,Thursday,10,42
2022-10-20,auto_liability,west,140,61.0,1,Thursday,10,42
2022-10-20,property_damage,south,158,43.0,1,Thursday,10,42
2022-10-20,weather_event,south,101,75.2,1,Thursday,10,42
2022-10-21,auto_collision,west,74,44.5,0,Friday,10,42
2022-10-21,auto_liability,midwest,86,56.8,0,Friday,10,42
2022-10-21,property_damage,midwest,15,58.8,0,Friday,10,42
2022-10-21,weather_event,south,137,87.0,0,Friday,10,42
2022-10-22,auto_collision,northeast,126,34.0,0,Saturday,10,42
2022-10-22,auto_liability,south,22,66.9,0,Saturday,10,42
2022-10-22,property_damage,northeast,43,65.1,0,Saturday,10,42
2022-10-22,weather_event,northeast,12,79.2,0,Saturday,10,42
2022-10-23,auto_collision,south,43,48.7,0,Sunday,10,42
2022-10-23,auto_liability,south,5,62.2,0,Sunday,10,42
2022-10-23,property_damage,west,31,48.4,0,Sunday,10,42
2022-10-23,weather_event,west,36,102.0,0,Sunday,10,42
2022-10-24,auto_collision,west,29,46.1,0,Monday,10,43
2022-10-24,auto_liability,west,7,52.0,0,Monday,10,43
2022-10-24,property_damage,west,250,50.0,0,Monday,10,43
2022-10-24,weather_event,south,0,87.9,0,Monday,10,43
2022-10-25,auto_collision,midwest,129,41.9,0,Tuesday,10,43
2022-10-25,auto_liability,south,25,69.0,0,Tuesday,10,43
2022-10-25,property_damage,northeast,49,61.8,0,Tuesday,10,43
2022-10-25,weather_event,west,85,79.6,0,Tuesday,10,43
2022-10-26,auto_collision,midwest,28,34.8,0,Wednesday,10,43
2022-10-26,auto_liability,west,223,66.4,0,Wednesday,10,43
2022-10-26,property_damage,midwest,18,61.5,0,Wednesday,10,43
2022-10-26,weather_event,northeast,18,67.6,0,Wednesday,10,43
2022-10-27,auto_collision,west,36,43.3,0,Thursday,10,43
2022-10-27,auto_liability,midwest,192,57.4,0,Thursday,10,43
2022-10-27,property_damage,midwest,42,64.7,0,Thursday,10,43
2022-10-27,weather_event,west,13,78.9,0,Thursday,10,43
2022-10-28,auto_collision,west,169,48.0,0,Friday,10,43
2022-10-28,auto_liability,west,35,59.8,0,Friday,10,43
2022-10-28,property_damage,south,95,56.4,0,Friday,10,43
2022-10-28,weather_event,midwest,12,79.5,0,Friday,10,43
2022-10-29,auto_collision,midwest,15,55.0,0,Saturday,10,43
2022-10-29,auto_liability,midwest,140,56.9,0,Saturday,10,43
2022-10-29,property_damage,northeast,29,52.8,0,Saturday,10,43
2022-10-29,weather_event,midwest,12,52.0,0,Saturday,10,43
2022-10-30,auto_collision,south,42,41.8,0,Sunday,10,43
2022-10-30,auto_liability,south,28,54.8,0,Sunday,10,43
2022-10-30,property_damage,west,76,64.5,0,Sunday,10,43
2022-10-30,weather_event,midwest,0,62.5,0,Sunday,10,43
2022-10-31,auto_collision,west,97,45.0,0,Monday,10,44
2022-10-31,auto_liability,west,82,64.7,0,Monday,10,44
2022-10-31,property_damage,west,77,52.9,0,Monday,10,44
2022-10-31,weather_event,west,38,81.5,0,Monday,10,44
2022-11-01,auto_collision,south,76,41.4,0,Tuesday,11,44
2022-11-01,auto_liability,west,61,60.7,0,Tuesday,11,44
2022-11-01,property_damage,south,120,60.2,0,Tuesday,11,44
2022-11-01,weather_event,northeast,23,69.9,0,Tuesday,11,44
2022-11-02,auto_collision,northeast,140,48.8,0,Wednesday,11,44
2022-11-02,auto_liability,west,16,57.8,0,Wednesday,11,44
2022-11-02,property_damage,midwest,98,54.0,0,Wednesday,11,44
2022-11-02,weather_event,midwest,5,71.6,0,Wednesday,11,44
2022-11-03,auto_collision,south,41,43.6,0,Thursday,11,44
2022-11-03,auto_liability,midwest,56,65.7,0,Thursday,11,44
2022-11-03,property_damage,west,107,51.1,0,Thursday,11,44
2022-11-03,weather_event,midwest,53,80.1,0,Thursday,11,44
2022-11-04,auto_collision,west,87,48.7,0,Friday,11,44
2022-11-04,auto_liability,midwest,55,56.6,0,Friday,11,44
2022-11-04,property_damage,west,78,55.6,0,Friday,11,44
2022-11-04,weather_event,south,69,81.2,0,Friday,11,44
2022-11-05,auto_collision,northeast,89,56.9,0,Saturday,11,44
2022-11-05,auto_liability,midwest,56,48.9,0,Saturday,11,44
2022-11-05,property_damage,west,29,67.8,0,Saturday,11,44
2022-11-05,weather_event,south,11,75.0,0,Saturday,11,44
2022-11-06,auto_collision,west,85,41.5,0,Sunday,11,44
2022-11-06,auto_liability,midwest,21,54.0,0,Sunday,11,44
2022-11-06,property_damage,south,29,62.0,0,Sunday,11,44
2022-11-06,weather_event,northeast,15,79.8,0,Sunday,11,44
2022-11-07,auto_collision,south,135,46.2,0,Monday,11,45
2022-11-07,auto_liability,west,56,52.7,0,Monday,11,45
2022-11-07,property_damage,west,29,57.2,0,Monday,11,45
2022-11-07,weather_event,midwest,74,74.2,0,Monday,11,45
2022-11-08,auto_collision,south,83,46.6,0,Tuesday,11,45
2022-11-08,auto_liability,west,132,47.5,0,Tuesday,11,45
2022-11-08,property_damage,midwest,76,60.9,0,Tuesday,11,45
2022-11-08,weather_event,west,2,67.1,0,Tuesday,11,45
2022-11-09,auto_collision,midwest,152,51.9,0,Wednesday,11,45
2022-11-09,auto_liability,south,33,60.1,0,Wednesday,11,45
2022-11-09,property_damage,northeast,48,50.5,0,Wednesday,11,45
2022-11-09,weather_event,south,2,72.1,0,Wednesday,11,45
2022-11-10,auto_collision,northeast,38,48.1,0,Thursday,11,45
2022-11-10,auto_liability,midwest,116,67.1,0,Thursday,11,45
2022-11-10,property_damage,west,93,67.2,0,Thursday,11,45
2022-11-10,weather_event,northeast,2,78.9,0,Thursday,11,45
2022-11-11,auto_collision,west,99,44.3,0,Friday,11,45
2022-11-11,auto_liability,south,53,66.8,0,Friday,11,45
2022-11-11,property_damage,midwest,133,44.3,0,Friday,11,45
2022-11-11,weather_event,south,3,88.4,0,Friday,11,45
2022-11-12,auto_collision,northeast,85,43.8,0,Saturday,11,45
2022-11-12,auto_liability,south,72,63.7,0,Saturday,11,45
2022-11-12,property_damage,south,1,63.4,0,Saturday,11,45
2022-11-12,weather_event,midwest,7,71.3,0,Saturday,11,45
2022-11-13,auto_collision,west,31,32.8,0,Sunday,11,45
2022-11-13,auto_liability,northeast,37,70.4,0,Sunday,11,45
2022-11-13,property_damage,west,27,46.9,0,Sunday,11,45
2022-11-13,weather_event,west,6,72.9,0,Sunday,11,45
2022-11-14,auto_collision,south,52,45.6,0,Monday,11,46
2022-11-14,auto_liability,west,87,61.4,0,Monday,11,46
2022-11-14,property_damage,northeast,124,58.1,0,Monday,11,46
2022-11-14,weather_event,south,18,80.1,0,Monday,11,46
2022-11-15,auto_collision,northeast,64,38.6,0,Tuesday,11,46
2022-11-15,auto_liability,midwest,107,59.2,0,Tuesday,11,46
2022-11-15,property_damage,northeast,38,52.5,0,Tuesday,11,46
2022-11-15,weather_event,northeast,51,79.3,0,Tuesday,11,46
2022-11-16,auto_collision,west,140,49.2,0,Wednesday,11,46
2022-11-16,auto_liability,midwest,89,59.2,0,Wednesday,11,46
2022-11-16,property_damage,northeast,17,52.5,0,Wednesday,11,46
2022-11-16,weather_event,west,11,76.8,0,Wednesday,11,46
2022-11-17,auto_collision,midwest,20,51.3,0,Thursday,11,46
2022-11-17,auto_liability,west,75,57.3,0,Thursday,11,46
2022-11-17,property_damage,south,155,56.9,0,Thursday,11,46
2022-11-17,weather_event,south,9,79.7,0,Thursday,11,46
2022-11-18,auto_collision,west,119,48.3,0,Friday,11,46
2022-11-18,auto_liability,northeast,148,69.6,0,Friday,11,46
2022-11-18,property_damage,northeast,43,57.3,0,Friday,11,46
2022-11-18,weather_event,midwest,0,61.8,0,Friday,11,46
2022-11-19,auto_collision,midwest,47,47.3,0,Saturday,11,46
2022-11-19,auto_liability,northeast,31,63.4,0,Saturday,11,46
2022-11-19,property_damage,south,94,51.0,0,Saturday,11,46
2022-11-19,weather_event,northeast,12,64.7,0,Saturday,11,46
2022-11-20,auto_collision,west,75,48.9,0,Sunday,11,46
2022-11-20,auto_liability,south,21,61.0,0,Sunday,11,46
2022-11-20,property_damage,northeast,40,50.7,0,Sunday,11,46
2022-11-20,weather_event,west,0,79.2,0,Sunday,11,46
2022-11-21,auto_collision,west,170,42.7,0,Monday,11,47
2022-11-21,auto_liability,midwest,66,50.7,0,Monday,11,47
2022-11-21,property_damage,south,43,56.0,0,Monday,11,47
2022-11-21,weather_event,south,15,69.5,0,Monday,11,47
2022-11-22,auto_collision,west,106,44.3,0,Tuesday,11,47
2022-11-22,auto_liability,west,34,64.1,0,Tuesday,11,47
2022-11-22,property_damage,west,107,49.3,0,Tuesday,11,47
2022-11-22,weather_event,northeast,0,83.6,0,Tuesday,11,47
2022-11-23,auto_collision,south,42,42.7,0,Wednesday,11,47
2022-11-23,auto_liability,south,121,61.5,0,Wednesday,11,47
2022-11-23,property_damage,midwest,17,44.1,0,Wednesday,11,47
2022-11-23,weather_event,midwest,74,80.5,0,Wednesday,11,47
2022-11-24,auto_collision,south,141,39.3,0,Thursday,11,47
2022-11-24,auto_liability,south,21,63.0,0,Thursday,11,47
2022-11-24,property_damage,northeast,36,44.3,0,Thursday,11,47
2022-11-24,weather_event,west,49,74.9,0,Thursday,11,47
2022-11-25,auto_collision,west,116,49.2,1,Friday,11,47
2022-11-25,auto_liability,midwest,110,57.0,1,Friday,11,47
2022-11-25,property_damage,midwest,22,57.8,1,Friday,11,47
2022-11-25,weather_event,south,11,89.5,1,Friday,11,47
2022-11-26,auto_collision,south,76,47.2,0,Saturday,11,47
2022-11-26,auto_liability,northeast,35,57.9,0,Saturday,11,47
2022-11-26,property_damage,northeast,23,48.7,0,Saturday,11,47
2022-11-26,weather_event,northeast,25,67.2,0,Saturday,11,47
2022-11-27,auto_collision,midwest,47,40.4,0,Sunday,11,47
2022-11-27,auto_liability,south,17,67.3,0,Sunday,11,47
2022-11-27,property_damage,west,43,54.3,0,Sunday,11,47
2022-11-27,weather_event,west,35,72.8,0,Sunday,11,47
2022-11-28,auto_collision,west,83,42.7,0,Monday,11,48
2022-11-28,auto_liability,west,44,62.9,0,Monday,11,48
2022-11-28,property_damage,south,112,51.2,0,Monday,11,48
2022-11-28,weather_event,south,14,73.3,0,Monday,11,48
2022-11-29,auto_collision,west,101,49.5,0,Tuesday,11,48
2022-11-29,auto_liability,northeast,69,56.0,0,Tuesday,11,48
2022-11-29,property_damage,south,70,50.0,0,Tuesday,11,48
2022-11-29,weather_event,midwest,0,78.1,0,Tuesday,11,48
2022-11-30,auto_collision,west,31,41.2,0,Wednesday,11,48
2022-11-30,auto_liability,south,150,62.2,0,Wednesday,11,48
2022-11-30,property_damage,midwest,17,49.4,0,Wednesday,11,48
2022-11-30,weather_event,south,69,83.9,0,Wednesday,11,48
2022-12-01,auto_collision,south,42,53.0,0,Thursday,12,48
2022-12-01,auto_liability,midwest,93,55.1,0,Thursday,12,48
2022-12-01,property_damage,west,11,62.8,0,Thursday,12,48
2022-12-01,weather_event,midwest,83,85.2,0,Thursday,12,48
2022-12-02,auto_collision,south,65,47.3,0,Friday,12,48
2022-12-02,auto_liability,midwest,122,59.2,0,Friday,12,48
2022-12-02,property_damage,northeast,66,58.2,0,Friday,12,48
2022-12-02,weather_event,south,13,75.4,0,Friday,12,48
2022-12-03,auto_collision,northeast,82,36.9,0,Saturday,12,48
2022-12-03,auto_liability,south,26,60.1,0,Saturday,12,48
2022-12-03,property_damage,south,68,53.0,0,Saturday,12,48
2022-12-03,weather_event,midwest,4,79.9,0,Saturday,12,48
2022-12-04,auto_collision,south,42,52.5,0,Sunday,12,48
2022-12-04,auto_liability,south,57,53.8,0,Sunday,12,48
2022-12-04,property_damage,west,24,53.9,0,Sunday,12,48
2022-12-04,weather_event,midwest,8,71.3,0,Sunday,12,48
2022-12-05,auto_collision,west,86,42.7,0,Monday,12,49
2022-12-05,auto_liability,west,101,59.6,0,Monday,12,49
2022-12-05,property_damage,west,24,61.4,0,Monday,12,49
2022-12-05,weather_event,midwest,82,82.6,0,Monday,12,49
2022-12-06,auto_collision,south,95,47.3,0,Tuesday,12,49
2022-12-06,auto_liability,northeast,47,59.8,0,Tuesday,12,49
2022-12-06,property_damage,northeast,89,63.1,0,Tuesday,12,49
2022-12-06,weather_event,northeast,14,61.1,0,Tuesday,12,49
2022-12-07,auto_collision,west,113,45.0,0,Wednesday,12,49
2022-12-07,auto_liability,south,31,49.0,0,Wednesday,12,49
2022-12-07,property_damage,northeast,70,56.1,0,Wednesday,12,49
2022-12-07,weather_event,west,10,79.1,0,Wednesday,12,49
2022-12-08,auto_collision,south,142,45.3,0,Thursday,12,49
2022-12-08,auto_liability,west,43,47.2,0,Thursday,12,49
2022-12-08,property_damage,west,47,51.4,0,Thursday,12,49
2022-12-08,weather_event,midwest,9,68.1,0,Thursday,12,49
2022-12-09,auto_collision,northeast,110,43.5,0,Friday,12,49
2022-12-09,auto_liability,midwest,68,59.4,0,Friday,12,49
2022-12-09,property_damage,northeast,39,54.8,0,Friday,12,49
2022-12-09,weather_event,northeast,15,76.6,0,Friday,12,49
2022-12-10,auto_collision,west,35,47.9,0,Saturday,12,49
2022-12-10,auto_liability,west,38,55.2,0,Saturday,12,49
2022-12-10,property_damage,northeast,61,54.4,0,Saturday,12,49
2022-12-10,weather_event,south,27,83.2,0,Saturday,12,49
2022-12-11,auto_collision,midwest,58,46.1,0,Sunday,12,49
2022-12-11,auto_liability,midwest,14,62.6,0,Sunday,12,49
2022-12-11,property_damage,northeast,12,59.3,0,Sunday,12,49
2022-12-11,weather_event,midwest,26,75.5,0,Sunday,12,49
2022-12-12,auto_collision,midwest,91,48.5,0,Monday,12,50
2022-12-12,auto_liability,northeast,165,66.8,0,Monday,12,50
2022-12-12,property_damage,midwest,39,48.8,0,Monday,12,50
2022-12-12,weather_event,northeast,8,62.1,0,Monday,12,50
2022-12-13,auto_collision,west,137,49.8,0,Tuesday,12,50
2022-12-13,auto_liability,midwest,78,49.8,0,Tuesday,12,50
2022-12-13,property_damage,midwest,20,57.5,0,Tuesday,12,50
2022-12-13,weather_event,west,29,84.3,0,Tuesday,12,50
2022-12-14,auto_collision,midwest,34,46.1,0,Wednesday,12,50
2022-12-14,auto_liability,west,135,48.2,0,Wednesday,12,50
2022-12-14,property_damage,midwest,13,58.4,0,Wednesday,12,50
2022-12-14,weather_event,midwest,61,78.5,0,Wednesday,12,50
2022-12-15,auto_collision,midwest,158,43.1,0,Thursday,12,50
2022-12-15,auto_liability,west,23,52.8,0,Thursday,12,50
2022-12-15,property_damage,south,60,54.0,0,Thursday,12,50
2022-12-15,weather_event,west,16,68.4,0,Thursday,12,50
2022-12-16,auto_collision,northeast,123,46.1,0,Friday,12,50
2022-12-16,auto_liability,northeast,46,52.5,0,Friday,12,50
2022-12-16,property_damage,northeast,65,64.1,0,Friday,12,50
2022-12-16,weather_event,midwest,9,75.6,0,Friday,12,50
2022-12-17,auto_collision,west,37,43.3,0,Saturday,12,50
2022-12-17,auto_liability,midwest,50,61.1,0,Saturday,12,50
2022-12-17,property_damage,west,28,55.0,0,Saturday,12,50
2022-12-17,weather_event,midwest,59,78.7,0,Saturday,12,50
2022-12-18,auto_collision,northeast,60,55.1,0,Sunday,12,50
2022-12-18,auto_liability,west,47,52.3,0,Sunday,12,50
2022-12-18,property_damage,midwest,0,49.8,0,Sunday,12,50
2022-12-18,weather_event,west,15,60.4,0,Sunday,12,50
2022-12-19,auto_collision,northeast,140,34.5,0,Monday,12,51
2022-12-19,auto_liability,south,73,59.3,0,Monday,12,51
2022-12-19,property_damage,northeast,15,46.9,0,Monday,12,51
2022-12-19,weather_event,south,21,67.3,0,Monday,12,51
2022-12-20,auto_collision,south,88,37.3,0,Tuesday,12,51
2022-12-20,auto_liability,midwest,76,65.3,0,Tuesday,12,51
2022-12-20,property_damage,west,47,65.3,0,Tuesday,12,51
2022-12-20,weather_event,midwest,16,66.6,0,Tuesday,12,51
2022-12-21,auto_collision,west,48,47.8,0,Wednesday,12,51
2022-12-21,auto_liability,northeast,184,63.1,0,Wednesday,12,51
2022-12-21,property_damage,midwest,29,56.4,0,Wednesday,12,51
2022-12-21,weather_event,west,9,82.9,0,Wednesday,12,51
2022-12-22,auto_collision,northeast,56,35.1,0,Thursday,12,51
2022-12-22,auto_liability,northeast,144,43.3,0,Thursday,12,51
2022-12-22,property_damage,west,18,56.0,0,Thursday,12,51
2022-12-22,weather_event,northeast,5,71.3,0,Thursday,12,51
2022-12-23,auto_collision,west,53,47.4,0,Friday,12,51
2022-12-23,auto_liability,northeast,20,69.4,0,Friday,12,51
2022-12-23,property_damage,south,67,55.3,0,Friday,12,51
2022-12-23,weather_event,midwest,85,76.1,0,Friday,12,51
2022-12-24,auto_collision,west,35,48.3,0,Saturday,12,51
2022-12-24,auto_liability,west,17,66.6,0,Saturday,12,51
2022-12-24,property_damage,northeast,37,60.9,0,Saturday,12,51
2022-12-24,weather_event,south,52,72.5,0,Saturday,12,51
2022-12-25,auto_collision,midwest,20,45.1,0,Sunday,12,51
2022-12-25,auto_liability,south,21,69.6,0,Sunday,12,51
2022-12-25,property_damage,south,7,54.9,0,Sunday,12,51
2022-12-25,weather_event,south,0,82.2,0,Sunday,12,51
2022-12-26,auto_collision,northeast,206,49.5,1,Monday,12,52
2022-12-26,auto_liability,south,127,63.8,1,Monday,12,52
2022-12-26,property_damage,northeast,298,53.0,1,Monday,12,52
2022-12-26,weather_event,west,69,80.1,1,Monday,12,52
2022-12-27,auto_collision,midwest,18,45.7,0,Tuesday,12,52
2022-12-27,auto_liability,west,58,54.1,0,Tuesday,12,52
2022-12-27,property_damage,west,144,53.1,0,Tuesday,12,52
2022-12-27,weather_event,south,18,73.3,0,Tuesday,12,52
2022-12-28,auto_collision,south,87,45.5,0,Wednesday,12,52
2022-12-28,auto_liability,west,85,62.8,0,Wednesday,12,52
2022-12-28,property_damage,midwest,50,63.6,0,Wednesday,12,52
2022-12-28,weather_event,northeast,25,82.6,0,Wednesday,12,52
2022-12-29,auto_collision,south,139,44.7,0,Thursday,12,52
2022-12-29,auto_liability,west,33,64.0,0,Thursday,12,52
2022-12-29,property_damage,northeast,23,60.9,0,Thursday,12,52
2022-12-29,weather_event,south,15,72.1,0,Thursday,12,52
2022-12-30,auto_collision,northeast,101,47.7,0,Friday,12,52
2022-12-30,auto_liability,west,50,62.3,0,Friday,12,52
2022-12-30,property_damage,south,61,56.6,0,Friday,12,52
2022-12-30,weather_event,midwest,60,73.1,0,Friday,12,52
2022-12-31,auto_collision,south,99,52.4,0,Saturday,12,52
2022-12-31,auto_liability,northeast,37,65.9,0,Saturday,12,52
2022-12-31,property_damage,south,41,52.1,0,Saturday,12,52
2022-12-31,weather_event,south,4,73.3,0,Saturday,12,52
2023-01-01,auto_collision,northeast,12,46.6,0,Sunday,1,52
2023-01-01,auto_liability,midwest,19,60.2,0,Sunday,1,52
2023-01-01,property_damage,west,17,59.4,0,Sunday,1,52
2023-01-01,weather_event,midwest,0,80.7,0,Sunday,1,52
2023-01-02,auto_collision,midwest,109,43.8,0,Monday,1,1
2023-01-02,auto_liability,west,97,68.4,0,Monday,1,1
2023-01-02,property_damage,midwest,47,55.6,0,Monday,1,1
2023-01-02,weather_event,south,16,87.0,0,Monday,1,1
2023-01-03,auto_collision,west,19,43.8,0,Tuesday,1,1
2023-01-03,auto_liability,west,83,65.1,0,Tuesday,1,1
2023-01-03,property_damage,midwest,97,56.9,0,Tuesday,1,1
2023-01-03,weather_event,west,30,85.4,0,Tuesday,1,1
2023-01-04,auto_collision,west,109,40.4,0,Wednesday,1,1
2023-01-04,auto_liability,midwest,52,56.8,0,Wednesday,1,1
2023-01-04,property_damage,northeast,61,54.3,0,Wednesday,1,1
2023-01-04,weather_event,northeast,24,87.5,0,Wednesday,1,1
2023-01-05,auto_collision,south,40,36.6,0,Thursday,1,1
2023-01-05,auto_liability,midwest,60,62.2,0,Thursday,1,1
2023-01-05,property_damage,west,48,64.6,0,Thursday,1,1
2023-01-05,weather_event,west,86,87.8,0,Thursday,1,1
2023-01-06,auto_collision,northeast,109,45.3,0,Friday,1,1
2023-01-06,auto_liability,northeast,37,59.0,0,Friday,1,1
2023-01-06,property_damage,northeast,36,51.6,0,Friday,1,1
2023-01-06,weather_event,west,75,81.7,0,Friday,1,1
2023-01-07,auto_collision,northeast,69,48.7,0,Saturday,1,1
2023-01-07,auto_liability,midwest,62,66.1,0,Saturday,1,1
2023-01-07,property_damage,south,33,61.4,0,Saturday,1,1
2023-01-07,weather_event,south,10,80.6,0,Saturday,1,1
2023-01-08,auto_collision,west,58,36.5,0,Sunday,1,1
2023-01-08,auto_liability,west,53,53.4,0,Sunday,1,1
2023-01-08,property_damage,midwest,14,53.0,0,Sunday,1,1
2023-01-08,weather_event,south,0,74.6,0,Sunday,1,1
2023-01-09,auto_collision,northeast,23,44.6,0,Monday,1,2
2023-01-09,auto_liability,midwest,51,62.3,0,Monday,1,2
2023-01-09,property_damage,northeast,192,59.5,0,Monday,1,2
2023-01-09,weather_event,west,13,66.5,0,Monday,1,2
2023-01-10,auto_collision,northeast,78,45.4,0,Tuesday,1,2
2023-01-10,auto_liability,midwest,119,43.9,0,Tuesday,1,2
2023-01-10,property_damage,midwest,21,42.5,0,Tuesday,1,2
2023-01-10,weather_event,west,50,66.5,0,Tuesday,1,2
2023-01-11,auto_collision,northeast,96,46.4,0,Wednesday,1,2
2023-01-11,auto_liability,west,56,54.7,0,Wednesday,1,2
2023-01-11,property_damage,west,50,58.8,0,Wednesday,1,2
2023-01-11,weather_event,west,41,79.4,0,Wednesday,1,2
2023-01-12,auto_collision,south,146,49.7,0,Thursday,1,2
2023-01-12,auto_liability,northeast,46,67.6,0,Thursday,1,2
2023-01-12,property_damage,northeast,41,65.0,0,Thursday,1,2
2023-01-12,weather_event,midwest,2,83.0,0,Thursday,1,2
2023-01-13,auto_collision,west,121,48.9,0,Friday,1,2
2023-01-13,auto_liability,northeast,81,58.8,0,Friday,1,2
2023-01-13,property_damage,west,32,60.0,0,Friday,1,2
2023-01-13,weather_event,northeast,16,71.0,0,Friday,1,2
2023-01-14,auto_collision,south,36,53.5,0,Saturday,1,2
2023-01-14,auto_liability,midwest,89,58.7,0,Saturday,1,2
2023-01-14,property_damage,west,21,49.6,0,Saturday,1,2
2023-01-14,weather_event,northeast,21,69.7,0,Saturday,1,2
2023-01-15,auto_collision,west,29,50.2,0,Sunday,1,2
2023-01-15,auto_liability,midwest,27,62.0,0,Sunday,1,2
2023-01-15,property_damage,south,36,52.5,0,Sunday,1,2
2023-01-15,weather_event,west,22,83.4,0,Sunday,1,2
2023-01-16,auto_collision,midwest,160,45.8,0,Monday,1,3
2023-01-16,auto_liability,west,96,69.6,0,Monday,1,3
2023-01-16,property_damage,midwest,4,52.4,0,Monday,1,3
2023-01-16,weather_event,midwest,18,78.7,0,Monday,1,3
2023-01-17,auto_collision,northeast,76,41.7,0,Tuesday,1,3
2023-01-17,auto_liability,west,45,54.9,0,Tuesday,1,3
2023-01-17,property_damage,west,133,50.0,0,Tuesday,1,3
2023-01-17,weather_event,northeast,12,73.7,0,Tuesday,1,3
2023-01-18,auto_collision,west,169,40.0,0,Wednesday,1,3
2023-01-18,auto_liability,midwest,41,50.9,0,Wednesday,1,3
2023-01-18,property_damage,midwest,28,52.4,0,Wednesday,1,3
2023-01-18,weather_event,west,7,68.8,0,Wednesday,1,3
2023-01-19,auto_collision,midwest,140,48.8,0,Thursday,1,3
2023-01-19,auto_liability,midwest,55,66.3,0,Thursday,1,3
2023-01-19,property_damage,west,48,53.3,0,Thursday,1,3
2023-01-19,weather_event,northeast,3,69.0,0,Thursday,1,3
2023-01-20,auto_collision,west,156,46.8,0,Friday,1,3
2023-01-20,auto_liability,west,77,69.2,0,Friday,1,3
2023-01-20,property_damage,south,6,64.2,0,Friday,1,3
2023-01-20,weather_event,northeast,57,86.2,0,Friday,1,3
2023-01-21,auto_collision,south,58,45.0,0,Saturday,1,3
2023-01-21,auto_liability,northeast,27,57.9,0,Saturday,1,3
2023-01-21,property_damage,south,91,52.2,0,Saturday,1,3
2023-01-21,weather_event,west,12,70.7,0,Saturday,1,3
2023-01-22,auto_collision,midwest,74,52.9,0,Sunday,1,3
2023-01-22,auto_liability,west,27,63.1,0,Sunday,1,3
2023-01-22,property_damage,midwest,11,58.1,0,Sunday,1,3
2023-01-22,weather_event,midwest,5,69.9,0,Sunday,1,3
2023-01-23,auto_collision,west,195,38.9,0,Monday,1,4
2023-01-23,auto_liability,west,58,59.0,0,Monday,1,4
2023-01-23,property_damage,west,35,61.5,0,Monday,1,4
2023-01-23,weather_event,south,16,76.5,0,Monday,1,4
2023-01-24,auto_collision,west,101,44.6,0,Tuesday,1,4
2023-01-24,auto_liability,midwest,132,65.3,0,Tuesday,1,4
2023-01-24,property_damage,northeast,17,55.1,0,Tuesday,1,4
2023-01-24,weather_event,west,3,83.6,0,Tuesday,1,4
2023-01-25,auto_collision,northeast,80,47.1,0,Wednesday,1,4
2023-01-25,auto_liability,west,79,60.3,0,Wednesday,1,4
2023-01-25,property_damage,south,112,52.9,0,Wednesday,1,4
2023-01-25,weather_event,midwest,15,84.1,0,Wednesday,1,4
2023-01-26,auto_collision,northeast,155,41.4,0,Thursday,1,4
2023-01-26,auto_liability,midwest,50,65.5,0,Thursday,1,4
2023-01-26,property_damage,west,19,54.3,0,Thursday,1,4
2023-01-26,weather_event,west,16,68.3,0,Thursday,1,4
2023-01-27,auto_collision,west,103,43.2,0,Friday,1,4
2023-01-27,auto_liability,south,71,58.4,0,Friday,1,4
2023-01-27,property_damage,west,92,57.0,0,Friday,1,4
2023-01-27,weather_event,south,7,69.8,0,Friday,1,4
2023-01-28,auto_collision,midwest,72,45.1,0,Saturday,1,4
2023-01-28,auto_liability,west,29,62.1,0,Saturday,1,4
2023-01-28,property_damage,midwest,46,56.1,0,Saturday,1,4
2023-01-28,weather_event,south,25,84.5,0,Saturday,1,4
2023-01-29,auto_collision,south,60,39.9,0,Sunday,1,4
2023-01-29,auto_liability,northeast,19,56.0,0,Sunday,1,4
2023-01-29,property_damage,south,44,50.1,0,Sunday,1,4
2023-01-29,weather_event,west,0,66.5,0,Sunday,1,4
2023-01-30,auto_collision,west,191,35.3,0,Monday,1,5
2023-01-30,auto_liability,south,45,68.9,0,Monday,1,5
2023-01-30,property_damage,midwest,31,55.7,0,Monday,1,5
2023-01-30,weather_event,west,14,70.4,0,Monday,1,5
2023-01-31,auto_collision,west,79,44.5,0,Tuesday,1,5
2023-01-31,auto_liability,west,95,64.4,0,Tuesday,1,5
2023-01-31,property_damage,south,101,45.7,0,Tuesday,1,5
2023-01-31,weather_event,midwest,3,82.8,0,Tuesday,1,5
2023-02-01,auto_collision,northeast,95,45.7,0,Wednesday,2,5
2023-02-01,auto_liability,midwest,84,62.1,0,Wednesday,2,5
2023-02-01,property_damage,south,25,52.3,0,Wednesday,2,5
2023-02-01,weather_event,northeast,40,78.6,0,Wednesday,2,5
2023-02-02,auto_collision,midwest,108,41.2,0,Thursday,2,5
2023-02-02,auto_liability,south,79,49.3,0,Thursday,2,5
2023-02-02,property_damage,midwest,115,63.1,0,Thursday,2,5
2023-02-02,weather_event,south,4,85.1,0,Thursday,2,5
2023-02-03,auto_collision,northeast,28,40.5,0,Friday,2,5
2023-02-03,auto_liability,northeast,92,61.9,0,Friday,2,5
2023-02-03,property_damage,northeast,131,53.7,0,Friday,2,5
2023-02-03,weather_event,northeast,28,75.4,0,Friday,2,5
2023-02-04,auto_collision,south,101,44.8,0,Saturday,2,5
2023-02-04,auto_liability,south,62,60.0,0,Saturday,2,5
2023-02-04,property_damage,west,13,58.4,0,Saturday,2,5
2023-02-04,weather_event,south,3,66.2,0,Saturday,2,5
2023-02-05,auto_collision,south,45,42.8,0,Sunday,2,5
2023-02-05,auto_liability,northeast,13,59.3,0,Sunday,2,5
2023-02-05,property_damage,south,30,53.9,0,Sunday,2,5
2023-02-05,weather_event,west,39,73.1,0,Sunday,2,5
2023-02-06,auto_collision,northeast,178,43.7,0,Monday,2,6
2023-02-06,auto_liability,south,28,68.6,0,Monday,2,6
2023-02-06,property_damage,midwest,93,50.5,0,Monday,2,6
2023-02-06,weather_event,midwest,12,70.5,0,Monday,2,6
2023-02-07,auto_collision,west,127,44.2,0,Tuesday,2,6
2023-02-07,auto_liability,midwest,125,54.6,0,Tuesday,2,6
2023-02-07,property_damage,midwest,40,63.7,0,Tuesday,2,6
2023-02-07,weather_event,west,22,84.3,0,Tuesday,2,6
2023-02-08,auto_collision,northeast,159,47.8,0,Wednesday,2,6
2023-02-08,auto_liability,midwest,42,56.8,0,Wednesday,2,6
2023-02-08,property_damage,south,42,53.5,0,Wednesday,2,6
2023-02-08,weather_event,northeast,19,61.8,0,Wednesday,2,6
2023-02-09,auto_collision,west,87,40.7,0,Thursday,2,6
2023-02-09,auto_liability,midwest,81,65.2,0,Thursday,2,6
2023-02-09,property_damage,west,78,59.4,0,Thursday,2,6
2023-02-09,weather_event,midwest,36,76.4,0,Thursday,2,6
2023-02-10,auto_collision,west,117,40.4,0,Friday,2,6
2023-02-10,auto_liability,midwest,80,63.2,0,Friday,2,6
2023-02-10,property_damage,south,19,45.3,0,Friday,2,6
2023-02-10,weather_event,south,108,76.5,0,Friday,2,6
2023-02-11,auto_collision,midwest,91,39.0,0,Saturday,2,6
2023-02-11,auto_liability,south,30,65.8,0,Saturday,2,6
2023-02-11,property_damage,west,43,45.5,0,Saturday,2,6
2023-02-11,weather_event,northeast,42,71.0,0,Saturday,2,6
2023-02-12,auto_collision,south,24,43.2,0,Sunday,2,6
2023-02-12,auto_liability,west,1,56.6,0,Sunday,2,6
2023-02-12,property_damage,south,55,49.6,0,Sunday,2,6
2023-02-12,weather_event,midwest,34,80.0,0,Sunday,2,6
2023-02-13,auto_collision,south,159,47.9,0,Monday,2,7
2023-02-13,auto_liability,south,94,58.9,0,Monday,2,7
2023-02-13,property_damage,midwest,78,45.8,0,Monday,2,7
2023-02-13,weather_event,midwest,0,75.1,0,Monday,2,7
2023-02-14,auto_collision,northeast,131,43.6,0,Tuesday,2,7
2023-02-14,auto_liability,west,95,65.8,0,Tuesday,2,7
2023-02-14,property_damage,northeast,60,60.3,0,Tuesday,2,7
2023-02-14,weather_event,south,2,73.4,0,Tuesday,2,7
2023-02-15,auto_collision,midwest,170,39.8,0,Wednesday,2,7
2023-02-15,auto_liability,south,51,64.0,0,Wednesday,2,7
2023-02-15,property_damage,west,25,52.3,0,Wednesday,2,7
2023-02-15,weather_event,south,38,79.7,0,Wednesday,2,7
2023-02-16,auto_collision,west,169,47.1,0,Thursday,2,7
2023-02-16,auto_liability,south,57,65.2,0,Thursday,2,7
2023-02-16,property_damage,south,17,58.5,0,Thursday,2,7
2023-02-16,weather_event,northeast,41,83.8,0,Thursday,2,7
2023-02-17,auto_collision,northeast,205,46.7,0,Friday,2,7
2023-02-17,auto_liability,south,63,58.8,0,Friday,2,7
2023-02-17,property_damage,west,16,61.9,0,Friday,2,7
2023-02-17,weather_event,midwest,15,80.9,0,Friday,2,7
2023-02-18,auto_collision,midwest,138,47.1,0,Saturday,2,7
2023-02-18,auto_liability,northeast,45,50.2,0,Saturday,2,7
2023-02-18,property_damage,west,37,59.1,0,Saturday,2,7
2023-02-18,weather_event,west,0,67.4,0,Saturday,2,7
2023-02-19,auto_collision,midwest,87,35.0,0,Sunday,2,7
2023-02-19,auto_liability,northeast,21,62.9,0,Sunday,2,7
2023-02-19,property_damage,west,30,48.8,0,Sunday,2,7
2023-02-19,weather_event,northeast,9,77.0,0,Sunday,2,7
2023-02-20,auto_collision,south,46,49.4,0,Monday,2,8
2023-02-20,auto_liability,south,63,53.5,0,Monday,2,8
2023-02-20,property_damage,midwest,137,54.5,0,Monday,2,8
2023-02-20,weather_event,northeast,51,68.2,0,Monday,2,8
2023-02-21,auto_collision,midwest,64,52.2,0,Tuesday,2,8
2023-02-21,auto_liability,northeast,116,61.4,0,Tuesday,2,8
2023-02-21,property_damage,midwest,107,56.0,0,Tuesday,2,8
2023-02-21,weather_event,northeast,16,74.3,0,Tuesday,2,8
2023-02-22,auto_collision,west,77,41.2,0,Wednesday,2,8
2023-02-22,auto_liability,south,92,71.7,0,Wednesday,2,8
2023-02-22,property_damage,west,58,47.7,0,Wednesday,2,8
2023-02-22,weather_event,midwest,43,67.0,0,Wednesday,2,8
2023-02-23,auto_collision,midwest,111,45.5,0,Thursday,2,8
2023-02-23,auto_liability,northeast,110,59.6,0,Thursday,2,8
2023-02-23,property_damage,west,26,50.6,0,Thursday,2,8
2023-02-23,weather_event,west,20,98.1,0,Thursday,2,8
2023-02-24,auto_collision,west,61,40.7,0,Friday,2,8
2023-02-24,auto_liability,west,84,66.4,0,Friday,2,8
2023-02-24,property_damage,south,131,48.7,0,Friday,2,8
2023-02-24,weather_event,northeast,20,73.3,0,Friday,2,8
2023-02-25,auto_collision,south,119,44.1,0,Saturday,2,8
2023-02-25,auto_liability,south,68,60.1,0,Saturday,2,8
2023-02-25,property_damage,northeast,5,53.6,0,Saturday,2,8
2023-02-25,weather_event,south,14,66.2,0,Saturday,2,8
2023-02-26,auto_collision,northeast,96,43.7,0,Sunday,2,8
2023-02-26,auto_liability,northeast,23,65.2,0,Sunday,2,8
2023-02-26,property_damage,northeast,25,55.8,0,Sunday,2,8
2023-02-26,weather_event,west,3,89.3,0,Sunday,2,8
2023-02-27,auto_collision,west,148,42.2,0,Monday,2,9
2023-02-27,auto_liability,northeast,98,68.0,0,Monday,2,9
2023-02-27,property_damage,midwest,39,62.8,0,Monday,2,9
2023-02-27,weather_event,west,40,73.2,0,Monday,2,9
2023-02-28,auto_collision,midwest,89,42.7,0,Tuesday,2,9
2023-02-28,auto_liability,west,82,58.7,0,Tuesday,2,9
2023-02-28,property_damage,south,18,54.2,0,Tuesday,2,9
2023-02-28,weather_event,south,140,73.1,0,Tuesday,2,9
2023-03-01,auto_collision,midwest,165,39.8,0,Wednesday,3,9
2023-03-01,auto_liability,west,122,59.8,0,Wednesday,3,9
2023-03-01,property_damage,south,8,67.8,0,Wednesday,3,9
2023-03-01,weather_event,west,16,84.5,0,Wednesday,3,9
2023-03-02,auto_collision,midwest,170,45.0,0,Thursday,3,9
2023-03-02,auto_liability,midwest,76,65.9,0,Thursday,3,9
2023-03-02,property_damage,northeast,29,54.3,0,Thursday,3,9
2023-03-02,weather_event,northeast,8,79.6,0,Thursday,3,9
2023-03-03,auto_collision,south,120,40.9,0,Friday,3,9
2023-03-03,auto_liability,west,106,56.2,0,Friday,3,9
2023-03-03,property_damage,west,84,52.3,0,Friday,3,9
2023-03-03,weather_event,south,5,78.5,0,Friday,3,9
2023-03-04,auto_collision,south,42,43.3,0,Saturday,3,9
2023-03-04,auto_liability,midwest,52,59.0,0,Saturday,3,9
2023-03-04,property_damage,south,104,39.6,0,Saturday,3,9
2023-03-04,weather_event,west,23,73.1,0,Saturday,3,9
2023-03-05,auto_collision,south,34,42.9,0,Sunday,3,9
2023-03-05,auto_liability,northeast,40,58.4,0,Sunday,3,9
2023-03-05,property_damage,northeast,38,55.0,0,Sunday,3,9
2023-03-05,weather_event,northeast,43,76.9,0,Sunday,3,9
2023-03-06,auto_collision,south,56,45.4,0,Monday,3,10
2023-03-06,auto_liability,west,110,55.1,0,Monday,3,10
2023-03-06,property_damage,west,95,58.3,0,Monday,3,10
2023-03-06,weather_event,west,63,62.5,0,Monday,3,10
2023-03-07,auto_collision,midwest,111,47.8,0,Tuesday,3,10
2023-03-07,auto_liability,west,62,58.8,0,Tuesday,3,10
2023-03-07,property_damage,south,129,58.0,0,Tuesday,3,10
2023-03-07,weather_event,south,11,78.1,0,Tuesday,3,10
2023-03-08,auto_collision,south,54,54.8,0,Wednesday,3,10
2023-03-08,auto_liability,northeast,142,65.1,0,Wednesday,3,10
2023-03-08,property_damage,northeast,21,55.3,0,Wednesday,3,10
2023-03-08,weather_event,west,55,83.9,0,Wednesday,3,10
2023-03-09,auto_collision,midwest,208,45.1,0,Thursday,3,10
2023-03-09,auto_liability,west,29,57.7,0,Thursday,3,10
2023-03-09,property_damage,midwest,42,49.0,0,Thursday,3,10
2023-03-09,weather_event,south,7,90.1,0,Thursday,3,10
2023-03-10,auto_collision,midwest,163,40.2,0,Friday,3,10
2023-03-10,auto_liability,midwest,44,59.0,0,Friday,3,10
2023-03-10,property_damage,south,103,58.2,0,Friday,3,10
2023-03-10,weather_event,northeast,44,84.7,0,Friday,3,10
2023-03-11,auto_collision,west,149,48.6,0,Saturday,3,10
2023-03-11,auto_liability,midwest,43,59.6,0,Saturday,3,10
2023-03-11,property_damage,midwest,11,44.5,0,Saturday,3,10
2023-03-11,weather_event,midwest,10,69.9,0,Saturday,3,10
2023-03-12,auto_collision,northeast,66,42.8,0,Sunday,3,10
2023-03-12,auto_liability,south,34,57.3,0,Sunday,3,10
2023-03-12,property_damage,west,60,51.7,0,Sunday,3,10
2023-03-12,weather_event,west,6,78.7,0,Sunday,3,10
2023-03-13,auto_collision,northeast,164,53.1,0,Monday,3,11
2023-03-13,auto_liability,south,121,58.9,0,Monday,3,11
2023-03-13,property_damage,west,25,52.6,0,Monday,3,11
2023-03-13,weather_event,west,19,76.0,0,Monday,3,11
2023-03-14,auto_collision,midwest,83,44.2,0,Tuesday,3,11
2023-03-14,auto_liability,south,156,58.5,0,Tuesday,3,11
2023-03-14,property_damage,south,102,68.9,0,Tuesday,3,11
2023-03-14,weather_event,northeast,9,68.2,0,Tuesday,3,11
2023-03-15,auto_collision,midwest,118,44.7,0,Wednesday,3,11
2023-03-15,auto_liability,west,122,52.5,0,Wednesday,3,11
2023-03-15,property_damage,south,58,58.2,0,Wednesday,3,11
2023-03-15,weather_event,northeast,21,80.6,0,Wednesday,3,11
2023-03-16,auto_collision,west,115,40.8,0,Thursday,3,11
2023-03-16,auto_liability,northeast,110,60.4,0,Thursday,3,11
2023-03-16,property_damage,south,56,57.5,0,Thursday,3,11
2023-03-16,weather_event,west,5,69.9,0,Thursday,3,11
2023-03-17,auto_collision,west,96,49.2,0,Friday,3,11
2023-03-17,auto_liability,south,35,61.2,0,Friday,3,11
2023-03-17,property_damage,northeast,197,57.4,0,Friday,3,11
2023-03-17,weather_event,west,14,80.1,0,Friday,3,11
2023-03-18,auto_collision,midwest,72,49.5,0,Saturday,3,11
2023-03-18,auto_liability,south,12,54.3,0,Saturday,3,11
2023-03-18,property_damage,northeast,137,49.4,0,Saturday,3,11
2023-03-18,weather_event,west,0,73.0,0,Saturday,3,11
2023-03-19,auto_collision,south,47,37.0,0,Sunday,3,11
2023-03-19,auto_liability,west,47,63.3,0,Sunday,3,11
2023-03-19,property_damage,south,31,59.5,0,Sunday,3,11
2023-03-19,weather_event,west,14,72.5,0,Sunday,3,11
2023-03-20,auto_collision,northeast,92,41.2,0,Monday,3,12
2023-03-20,auto_liability,west,227,54.6,0,Monday,3,12
2023-03-20,property_damage,northeast,55,49.5,0,Monday,3,12
2023-03-20,weather_event,midwest,20,78.0,0,Monday,3,12
2023-03-21,auto_collision,west,123,41.1,0,Tuesday,3,12
2023-03-21,auto_liability,midwest,95,61.1,0,Tuesday,3,12
2023-03-21,property_damage,midwest,45,47.3,0,Tuesday,3,12
2023-03-21,weather_event,south,148,67.1,0,Tuesday,3,12
2023-03-22,auto_collision,midwest,159,38.0,0,Wednesday,3,12
2023-03-22,auto_liability,midwest,24,62.3,0,Wednesday,3,12
2023-03-22,property_damage,west,66,53.5,0,Wednesday,3,12
2023-03-22,weather_event,west,67,68.0,0,Wednesday,3,12
2023-03-23,auto_collision,midwest,174,47.4,0,Thursday,3,12
2023-03-23,auto_liability,northeast,55,69.4,0,Thursday,3,12
2023-03-23,property_damage,south,62,51.7,0,Thursday,3,12
2023-03-23,weather_event,west,8,82.9,0,Thursday,3,12
2023-03-24,auto_collision,northeast,162,50.8,0,Friday,3,12
2023-03-24,auto_liability,west,135,53.5,0,Friday,3,12
2023-03-24,property_damage,midwest,63,54.0,0,Friday,3,12
2023-03-24,weather_event,west,0,81.1,0,Friday,3,12
2023-03-25,auto_collision,northeast,144,50.7,0,Saturday,3,12
2023-03-25,auto_liability,northeast,46,54.8,0,Saturday,3,12
2023-03-25,property_damage,midwest,18,60.2,0,Saturday,3,12
2023-03-25,weather_event,south,25,82.2,0,Saturday,3,12
2023-03-26,auto_collision,south,185,50.3,1,Sunday,3,12
2023-03-26,auto_liability,west,99,63.2,1,Sunday,3,12
2023-03-26,property_damage,south,31,57.6,1,Sunday,3,12
2023-03-26,weather_event,west,96,71.1,1,Sunday,3,12
2023-03-27,auto_collision,midwest,110,34.4,0,Monday,3,13
2023-03-27,auto_liability,midwest,148,59.3,0,Monday,3,13
2023-03-27,property_damage,west,136,64.7,0,Monday,3,13
2023-03-27,weather_event,south,3,96.6,0,Monday,3,13
2023-03-28,auto_collision,south,188,46.9,0,Tuesday,3,13
2023-03-28,auto_liability,midwest,48,65.0,0,Tuesday,3,13
2023-03-28,property_damage,west,74,55.6,0,Tuesday,3,13
2023-03-28,weather_event,northeast,63,69.0,0,Tuesday,3,13
2023-03-29,auto_collision,west,225,43.3,0,Wednesday,3,13
2023-03-29,auto_liability,west,63,62.7,0,Wednesday,3,13
2023-03-29,property_damage,midwest,38,61.2,0,Wednesday,3,13
2023-03-29,weather_event,midwest,9,78.3,0,Wednesday,3,13
2023-03-30,auto_collision,south,115,40.6,0,Thursday,3,13
2023-03-30,auto_liability,south,58,72.9,0,Thursday,3,13
2023-03-30,property_damage,west,166,60.0,0,Thursday,3,13
2023-03-30,weather_event,south,0,70.7,0,Thursday,3,13
2023-03-31,auto_collision,northeast,191,51.8,0,Friday,3,13
2023-03-31,auto_liability,northeast,93,64.3,0,Friday,3,13
2023-03-31,property_damage,west,95,51.0,0,Friday,3,13
2023-03-31,weather_event,south,9,83.8,0,Friday,3,13
2023-04-01,auto_collision,northeast,67,47.5,0,Saturday,4,13
2023-04-01,auto_liability,midwest,92,49.5,0,Saturday,4,13
2023-04-01,property_damage,west,39,59.6,0,Saturday,4,13
2023-04-01,weather_event,west,26,67.2,0,Saturday,4,13
2023-04-02,auto_collision,midwest,51,44.7,0,Sunday,4,13
2023-04-02,auto_liability,northeast,72,63.0,0,Sunday,4,13
2023-04-02,property_damage,south,43,49.2,0,Sunday,4,13
2023-04-02,weather_event,midwest,20,80.8,0,Sunday,4,13
2023-04-03,auto_collision,south,164,45.7,0,Monday,4,14
2023-04-03,auto_liability,midwest,106,45.9,0,Monday,4,14
2023-04-03,property_damage,west,107,58.1,0,Monday,4,14
2023-04-03,weather_event,northeast,18,76.6,0,Monday,4,14
2023-04-04,auto_collision,west,90,38.5,0,Tuesday,4,14
2023-04-04,auto_liability,midwest,28,58.1,0,Tuesday,4,14
2023-04-04,property_damage,midwest,146,50.2,0,Tuesday,4,14
2023-04-04,weather_event,south,94,74.2,0,Tuesday,4,14
2023-04-05,auto_collision,midwest,58,45.7,0,Wednesday,4,14
2023-04-05,auto_liability,northeast,192,58.4,0,Wednesday,4,14
2023-04-05,property_damage,northeast,54,43.5,0,Wednesday,4,14
2023-04-05,weather_event,west,23,80.6,0,Wednesday,4,14
2023-04-06,auto_collision,northeast,191,51.7,0,Thursday,4,14
2023-04-06,auto_liability,northeast,16,52.4,0,Thursday,4,14
2023-04-06,property_damage,west,93,45.4,0,Thursday,4,14
2023-04-06,weather_event,west,26,83.3,0,Thursday,4,14
2023-04-07,auto_collision,south,114,43.3,0,Friday,4,14
2023-04-07,auto_liability,northeast,98,59.5,0,Friday,4,14
2023-04-07,property_damage,northeast,14,53.8,0,Friday,4,14
2023-04-07,weather_event,midwest,94,87.1,0,Friday,4,14
2023-04-08,auto_collision,south,231,43.5,1,Saturday,4,14
2023-04-08,auto_liability,south,251,44.3,1,Saturday,4,14
2023-04-08,property_damage,south,59,49.6,1,Saturday,4,14
2023-04-08,weather_event,midwest,67,73.8,1,Saturday,4,14
2023-04-09,auto_collision,west,51,43.8,0,Sunday,4,14
2023-04-09,auto_liability,west,15,57.7,0,Sunday,4,14
2023-04-09,property_damage,midwest,71,54.2,0,Sunday,4,14
2023-04-09,weather_event,south,23,69.5,0,Sunday,4,14
2023-04-10,auto_collision,south,261,45.6,0,Monday,4,15
2023-04-10,auto_liability,northeast,24,49.6,0,Monday,4,15
2023-04-10,property_damage,northeast,55,55.2,0,Monday,4,15
2023-04-10,weather_event,west,84,67.2,0,Monday,4,15
2023-04-11,auto_collision,midwest,133,39.4,0,Tuesday,4,15
2023-04-11,auto_liability,midwest,49,52.1,0,Tuesday,4,15
2023-04-11,property_damage,northeast,192,43.7,0,Tuesday,4,15
2023-04-11,weather_event,midwest,17,76.8,0,Tuesday,4,15
2023-04-12,auto_collision,midwest,91,42.8,0,Wednesday,4,15
2023-04-12,auto_liability,south,156,59.4,0,Wednesday,4,15
2023-04-12,property_damage,south,102,51.0,0,Wednesday,4,15
2023-04-12,weather_event,west,1,74.9,0,Wednesday,4,15
2023-04-13,auto_collision,northeast,67,38.9,0,Thursday,4,15
2023-04-13,auto_liability,west,196,48.6,0,Thursday,4,15
2023-04-13,property_damage,midwest,48,50.8,0,Thursday,4,15
2023-04-13,weather_event,west,32,82.4,0,Thursday,4,15
2023-04-14,auto_collision,midwest,26,46.5,0,Friday,4,15
2023-04-14,auto_liability,west,62,66.5,0,Friday,4,15
2023-04-14,property_damage,midwest,189,49.8,0,Friday,4,15
2023-04-14,weather_event,south,84,59.9,0,Friday,4,15
2023-04-15,auto_collision,northeast,160,41.6,0,Saturday,4,15
2023-04-15,auto_liability,west,50,55.1,0,Saturday,4,15
2023-04-15,property_damage,south,40,44.3,0,Saturday,4,15
2023-04-15,weather_event,south,5,73.7,0,Saturday,4,15
2023-04-16,auto_collision,west,67,43.4,0,Sunday,4,15
2023-04-16,auto_liability,west,85,54.6,0,Sunday,4,15
2023-04-16,property_damage,northeast,22,57.7,0,Sunday,4,15
2023-04-16,weather_event,west,9,77.6,0,Sunday,4,15
2023-04-17,auto_collision,midwest,213,45.8,0,Monday,4,16
2023-04-17,auto_liability,west,168,63.5,0,Monday,4,16
2023-04-17,property_damage,northeast,22,58.5,0,Monday,4,16
2023-04-17,weather_event,west,7,79.2,0,Monday,4,16
2023-04-18,auto_collision,west,212,48.0,0,Tuesday,4,16
2023-04-18,auto_liability,south,67,59.1,0,Tuesday,4,16
2023-04-18,property_damage,south,83,63.4,0,Tuesday,4,16
2023-04-18,weather_event,midwest,0,75.9,0,Tuesday,4,16
2023-04-19,auto_collision,west,95,52.5,0,Wednesday,4,16
2023-04-19,auto_liability,northeast,173,65.8,0,Wednesday,4,16
2023-04-19,property_damage,northeast,51,62.8,0,Wednesday,4,16
2023-04-19,weather_event,midwest,27,84.8,0,Wednesday,4,16
2023-04-20,auto_collision,west,83,44.1,0,Thursday,4,16
2023-04-20,auto_liability,northeast,154,62.3,0,Thursday,4,16
2023-04-20,property_damage,west,104,56.1,0,Thursday,4,16
2023-04-20,weather_event,south,33,82.2,0,Thursday,4,16
2023-04-21,auto_collision,south,102,49.0,0,Friday,4,16
2023-04-21,auto_liability,midwest,151,57.0,0,Friday,4,16
2023-04-21,property_damage,west,67,53.6,0,Friday,4,16
2023-04-21,weather_event,south,34,85.9,0,Friday,4,16
2023-04-22,auto_collision,south,71,46.8,0,Saturday,4,16
2023-04-22,auto_liability,west,59,60.7,0,Saturday,4,16
2023-04-22,property_damage,midwest,67,53.4,0,Saturday,4,16
2023-04-22,weather_event,northeast,35,70.9,0,Saturday,4,16
2023-04-23,auto_collision,northeast,90,45.2,0,Sunday,4,16
2023-04-23,auto_liability,south,34,52.2,0,Sunday,4,16
2023-04-23,property_damage,west,51,51.8,0,Sunday,4,16
2023-04-23,weather_event,west,8,74.8,0,Sunday,4,16
2023-04-24,auto_collision,midwest,135,44.5,1,Monday,4,17
2023-04-24,auto_liability,midwest,666,57.7,1,Monday,4,17
2023-04-24,property_damage,midwest,163,51.4,1,Monday,4,17
2023-04-24,weather_event,midwest,65,74.2,1,Monday,4,17
2023-04-25,auto_collision,northeast,103,49.8,0,Tuesday,4,17
2023-04-25,auto_liability,northeast,192,52.9,0,Tuesday,4,17
2023-04-25,property_damage,northeast,69,49.6,0,Tuesday,4,17
2023-04-25,weather_event,northeast,1,73.9,0,Tuesday,4,17
2023-04-26,auto_collision,south,125,52.3,0,Wednesday,4,17
2023-04-26,auto_liability,south,88,54.4,0,Wednesday,4,17
2023-04-26,property_damage,south,97,39.6,0,Wednesday,4,17
2023-04-26,weather_event,west,16,71.4,0,Wednesday,4,17
2023-04-27,auto_collision,west,120,46.2,0,Thursday,4,17
2023-04-27,auto_liability,midwest,125,52.5,0,Thursday,4,17
2023-04-27,property_damage,south,92,52.9,0,Thursday,4,17
2023-04-27,weather_event,northeast,32,62.1,0,Thursday,4,17
2023-04-28,auto_collision,west,142,49.5,0,Friday,4,17
2023-04-28,auto_liability,northeast,30,57.4,0,Friday,4,17
2023-04-28,property_damage,northeast,62,59.9,0,Friday,4,17
2023-04-28,weather_event,midwest,147,69.3,0,Friday,4,17
2023-04-29,auto_collision,northeast,50,45.2,0,Saturday,4,17
2023-04-29,auto_liability,northeast,64,59.0,0,Saturday,4,17
2023-04-29,property_damage,northeast,97,61.6,0,Saturday,4,17
2023-04-29,weather_event,northeast,58,76.3,0,Saturday,4,17
2023-04-30,auto_collision,west,113,44.6,0,Sunday,4,17
2023-04-30,auto_liability,west,85,73.2,0,Sunday,4,17
2023-04-30,property_damage,northeast,7,56.4,0,Sunday,4,17
2023-04-30,weather_event,west,3,78.3,0,Sunday,4,17
2023-05-01,auto_collision,west,189,37.3,0,Monday,5,18
2023-05-01,auto_liability,northeast,69,54.9,0,Monday,5,18
2023-05-01,property_damage,south,154,55.8,0,Monday,5,18
2023-05-01,weather_event,midwest,3,86.3,0,Monday,5,18
2023-05-02,auto_collision,midwest,447,40.9,1,Tuesday,5,18
2023-05-02,auto_liability,northeast,231,52.7,1,Tuesday,5,18
2023-05-02,property_damage,midwest,285,58.7,1,Tuesday,5,18
2023-05-02,weather_event,midwest,8,79.7,1,Tuesday,5,18
2023-05-03,auto_collision,northeast,105,39.5,0,Wednesday,5,18
2023-05-03,auto_liability,northeast,59,59.6,0,Wednesday,5,18
2023-05-03,property_damage,northeast,199,54.9,0,Wednesday,5,18
2023-05-03,weather_event,midwest,42,84.1,0,Wednesday,5,18
2023-05-04,auto_collision,south,70,57.5,0,Thursday,5,18
2023-05-04,auto_liability,midwest,209,61.5,0,Thursday,5,18
2023-05-04,property_damage,west,76,56.7,0,Thursday,5,18
2023-05-04,weather_event,south,12,87.3,0,Thursday,5,18
2023-05-05,auto_collision,south,76,46.8,0,Friday,5,18
2023-05-05,auto_liability,west,189,63.7,0,Friday,5,18
2023-05-05,property_damage,midwest,123,58.6,0,Friday,5,18
2023-05-05,weather_event,west,24,76.0,0,Friday,5,18
2023-05-06,auto_collision,west,108,41.6,0,Saturday,5,18
2023-05-06,auto_liability,west,124,58.4,0,Saturday,5,18
2023-05-06,property_damage,west,12,61.2,0,Saturday,5,18
2023-05-06,weather_event,midwest,34,69.7,0,Saturday,5,18
2023-05-07,auto_collision,northeast,46,44.6,0,Sunday,5,18
2023-05-07,auto_liability,midwest,14,57.0,0,Sunday,5,18
2023-05-07,property_damage,south,136,52.9,0,Sunday,5,18
2023-05-07,weather_event,midwest,2,65.8,0,Sunday,5,18
2023-05-08,auto_collision,west,227,46.0,0,Monday,5,19
2023-05-08,auto_liability,west,152,58.1,0,Monday,5,19
2023-05-08,property_damage,south,38,54.7,0,Monday,5,19
2023-05-08,weather_event,northeast,32,78.7,0,Monday,5,19
2023-05-09,auto_collision,west,178,43.5,0,Tuesday,5,19
2023-05-09,auto_liability,south,146,68.0,0,Tuesday,5,19
2023-05-09,property_damage,west,79,51.8,0,Tuesday,5,19
2023-05-09,weather_event,south,5,78.2,0,Tuesday,5,19
2023-05-10,auto_collision,midwest,139,43.5,0,Wednesday,5,19
2023-05-10,auto_liability,midwest,115,53.8,0,Wednesday,5,19
2023-05-10,property_damage,west,79,53.4,0,Wednesday,5,19
2023-05-10,weather_event,northeast,60,90.0,0,Wednesday,5,19
2023-05-11,auto_collision,west,121,46.6,0,Thursday,5,19
2023-05-11,auto_liability,midwest,20,72.5,0,Thursday,5,19
2023-05-11,property_damage,northeast,110,51.2,0,Thursday,5,19
2023-05-11,weather_event,south,142,73.4,0,Thursday,5,19
2023-05-12,auto_collision,northeast,230,37.9,0,Friday,5,19
2023-05-12,auto_liability,west,79,64.5,0,Friday,5,19
2023-05-12,property_damage,west,146,53.0,0,Friday,5,19
2023-05-12,weather_event,midwest,0,75.8,0,Friday,5,19
2023-05-13,auto_collision,west,141,41.0,0,Saturday,5,19
2023-05-13,auto_liability,south,34,65.5,0,Saturday,5,19
2023-05-13,property_damage,south,23,58.4,0,Saturday,5,19
2023-05-13,weather_event,northeast,38,67.1,0,Saturday,5,19
2023-05-14,auto_collision,midwest,71,48.7,0,Sunday,5,19
2023-05-14,auto_liability,northeast,17,63.4,0,Sunday,5,19
2023-05-14,property_damage,west,73,55.1,0,Sunday,5,19
2023-05-14,weather_event,northeast,29,64.6,0,Sunday,5,19
2023-05-15,auto_collision,northeast,70,41.7,0,Monday,5,20
2023-05-15,auto_liability,northeast,231,65.5,0,Monday,5,20
2023-05-15,property_damage,south,123,53.2,0,Monday,5,20
2023-05-15,weather_event,midwest,5,79.4,0,Monday,5,20
2023-05-16,auto_collision,south,240,36.2,0,Tuesday,5,20
2023-05-16,auto_liability,south,51,55.9,0,Tuesday,5,20
2023-05-16,property_damage,south,53,56.5,0,Tuesday,5,20
2023-05-16,weather_event,northeast,20,90.9,0,Tuesday,5,20
2023-05-17,auto_collision,northeast,173,48.6,0,Wednesday,5,20
2023-05-17,auto_liability,west,75,50.4,0,Wednesday,5,20
2023-05-17,property_damage,south,64,56.0,0,Wednesday,5,20
2023-05-17,weather_event,northeast,62,70.2,0,Wednesday,5,20
2023-05-18,auto_collision,west,123,47.3,0,Thursday,5,20
2023-05-18,auto_liability,west,95,67.5,0,Thursday,5,20
2023-05-18,property_damage,northeast,175,61.5,0,Thursday,5,20
2023-05-18,weather_event,northeast,5,70.7,0,Thursday,5,20
2023-05-19,auto_collision,south,231,42.9,0,Friday,5,20
2023-05-19,auto_liability,south,123,55.0,0,Friday,5,20
2023-05-19,property_damage,west,28,59.5,0,Friday,5,20
2023-05-19,weather_event,south,25,73.5,0,Friday,5,20
2023-05-20,auto_collision,northeast,134,47.8,0,Saturday,5,20
2023-05-20,auto_liability,midwest,81,64.2,0,Saturday,5,20
2023-05-20,property_damage,west,25,55.4,0,Saturday,5,20
2023-05-20,weather_event,northeast,10,75.8,0,Saturday,5,20
2023-05-21,auto_collision,south,48,46.4,0,Sunday,5,20
2023-05-21,auto_liability,midwest,33,69.0,0,Sunday,5,20
2023-05-21,property_damage,south,108,66.9,0,Sunday,5,20
2023-05-21,weather_event,west,1,81.6,0,Sunday,5,20
2023-05-22,auto_collision,midwest,262,40.3,0,Monday,5,21
2023-05-22,auto_liability,west,27,67.4,0,Monday,5,21
2023-05-22,property_damage,midwest,135,58.2,0,Monday,5,21
2023-05-22,weather_event,northeast,21,72.7,0,Monday,5,21
2023-05-23,auto_collision,northeast,172,41.7,0,Tuesday,5,21
2023-05-23,auto_liability,northeast,136,61.3,0,Tuesday,5,21
2023-05-23,property_damage,northeast,80,39.6,0,Tuesday,5,21
2023-05-23,weather_event,south,49,70.5,0,Tuesday,5,21
2023-05-24,auto_collision,west,126,46.4,0,Wednesday,5,21
2023-05-24,auto_liability,midwest,101,61.9,0,Wednesday,5,21
2023-05-24,property_damage,northeast,144,68.2,0,Wednesday,5,21
2023-05-24,weather_event,south,27,75.5,0,Wednesday,5,21
2023-05-25,auto_collision,south,85,45.4,0,Thursday,5,21
2023-05-25,auto_liability,northeast,104,52.6,0,Thursday,5,21
2023-05-25,property_damage,midwest,177,53.8,0,Thursday,5,21
2023-05-25,weather_event,south,15,75.7,0,Thursday,5,21
2023-05-26,auto_collision,south,99,48.9,0,Friday,5,21
2023-05-26,auto_liability,midwest,178,60.5,0,Friday,5,21
2023-05-26,property_damage,south,112,56.5,0,Friday,5,21
2023-05-26,weather_event,midwest,71,71.8,0,Friday,5,21
2023-05-27,auto_collision,northeast,191,52.4,0,Saturday,5,21
2023-05-27,auto_liability,northeast,20,52.9,0,Saturday,5,21
2023-05-27,property_damage,northeast,22,52.8,0,Saturday,5,21
2023-05-27,weather_event,south,37,78.4,0,Saturday,5,21
2023-05-28,auto_collision,west,46,44.0,0,Sunday,5,21
2023-05-28,auto_liability,northeast,19,53.3,0,Sunday,5,21
2023-05-28,property_damage,south,82,59.1,0,Sunday,5,21
2023-05-28,weather_event,west,33,72.6,0,Sunday,5,21
2023-05-29,auto_collision,midwest,199,43.5,0,Monday,5,22
2023-05-29,auto_liability,northeast,38,58.3,0,Monday,5,22
2023-05-29,property_damage,west,178,48.2,0,Monday,5,22
2023-05-29,weather_event,midwest,12,68.0,0,Monday,5,22
2023-05-30,auto_collision,midwest,84,46.9,0,Tuesday,5,22
2023-05-30,auto_liability,midwest,100,59.1,0,Tuesday,5,22
2023-05-30,property_damage,west,143,57.4,0,Tuesday,5,22
2023-05-30,weather_event,south,55,72.1,0,Tuesday,5,22
2023-05-31,auto_collision,midwest,32,49.7,0,Wednesday,5,22
2023-05-31,auto_liability,midwest,294,61.5,0,Wednesday,5,22
2023-05-31,property_damage,west,28,65.0,0,Wednesday,5,22
2023-05-31,weather_event,south,10,72.0,0,Wednesday,5,22
2023-06-01,auto_collision,northeast,211,42.9,1,Thursday,6,22
2023-06-01,auto_liability,midwest,435,61.6,1,Thursday,6,22
2023-06-01,property_damage,south,172,41.4,1,Thursday,6,22
2023-06-01,weather_event,northeast,165,64.8,1,Thursday,6,22
2023-06-02,auto_collision,midwest,177,40.7,0,Friday,6,22
2023-06-02,auto_liability,midwest,92,71.3,0,Friday,6,22
2023-06-02,property_damage,midwest,106,53.8,0,Friday,6,22
2023-06-02,weather_event,south,6,62.9,0,Friday,6,22
2023-06-03,auto_collision,south,129,35.7,0,Saturday,6,22
2023-06-03,auto_liability,west,18,53.5,0,Saturday,6,22
2023-06-03,property_damage,midwest,46,59.2,0,Saturday,6,22
2023-06-03,weather_event,west,81,67.0,0,Saturday,6,22
2023-06-04,auto_collision,northeast,83,42.3,0,Sunday,6,22
2023-06-04,auto_liability,northeast,36,63.7,0,Sunday,6,22
2023-06-04,property_damage,northeast,69,51.1,0,Sunday,6,22
2023-06-04,weather_event,northeast,17,69.2,0,Sunday,6,22
2023-06-05,auto_collision,west,214,46.2,0,Monday,6,23
2023-06-05,auto_liability,northeast,105,59.8,0,Monday,6,23
2023-06-05,property_damage,northeast,134,52.3,0,Monday,6,23
2023-06-05,weather_event,south,7,77.1,0,Monday,6,23
2023-06-06,auto_collision,south,192,40.2,0,Tuesday,6,23
2023-06-06,auto_liability,south,173,58.7,0,Tuesday,6,23
2023-06-06,property_damage,south,65,59.5,0,Tuesday,6,23
2023-06-06,weather_event,northeast,0,67.1,0,Tuesday,6,23
2023-06-07,auto_collision,west,216,39.6,0,Wednesday,6,23
2023-06-07,auto_liability,northeast,121,59.3,0,Wednesday,6,23
2023-06-07,property_damage,midwest,35,50.3,0,Wednesday,6,23
2023-06-07,weather_event,midwest,48,76.2,0,Wednesday,6,23
2023-06-08,auto_collision,west,85,49.3,0,Thursday,6,23
2023-06-08,auto_liability,northeast,202,44.8,0,Thursday,6,23
2023-06-08,property_damage,south,98,63.7,0,Thursday,6,23
2023-06-08,weather_event,midwest,9,88.8,0,Thursday,6,23
2023-06-09,auto_collision,midwest,97,40.4,0,Friday,6,23
2023-06-09,auto_liability,west,172,57.9,0,Friday,6,23
2023-06-09,property_damage,midwest,202,56.3,0,Friday,6,23
2023-06-09,weather_event,west,0,69.1,0,Friday,6,23
2023-06-10,auto_collision,west,101,41.7,0,Saturday,6,23
2023-06-10,auto_liability,northeast,84,64.3,0,Saturday,6,23
2023-06-10,property_damage,south,70,63.7,0,Saturday,6,23
2023-06-10,weather_event,northeast,10,92.6,0,Saturday,6,23
2023-06-11,auto_collision,west,104,47.4,0,Sunday,6,23
2023-06-11,auto_liability,west,78,57.2,0,Sunday,6,23
2023-06-11,property_damage,south,13,58.8,0,Sunday,6,23
2023-06-11,weather_event,west,12,84.2,0,Sunday,6,23
2023-06-12,auto_collision,south,179,53.0,0,Monday,6,24
2023-06-12,auto_liability,west,83,62.0,0,Monday,6,24
2023-06-12,property_damage,south,151,63.3,0,Monday,6,24
2023-06-12,weather_event,south,53,80.8,0,Monday,6,24
2023-06-13,auto_collision,midwest,161,41.1,0,Tuesday,6,24
2023-06-13,auto_liability,south,79,60.2,0,Tuesday,6,24
2023-06-13,property_damage,west,123,46.8,0,Tuesday,6,24
2023-06-13,weather_event,south,38,56.8,0,Tuesday,6,24
2023-06-14,auto_collision,south,87,41.3,0,Wednesday,6,24
2023-06-14,auto_liability,northeast,197,57.4,0,Wednesday,6,24
2023-06-14,property_damage,northeast,85,47.8,0,Wednesday,6,24
2023-06-14,weather_event,northeast,17,82.8,0,Wednesday,6,24
2023-06-15,auto_collision,west,78,46.6,0,Thursday,6,24
2023-06-15,auto_liability,northeast,167,55.4,0,Thursday,6,24
2023-06-15,property_damage,west,77,54.5,0,Thursday,6,24
2023-06-15,weather_event,northeast,43,81.1,0,Thursday,6,24
2023-06-16,auto_collision,south,202,48.9,0,Friday,6,24
2023-06-16,auto_liability,midwest,178,62.2,0,Friday,6,24
2023-06-16,property_damage,northeast,77,57.5,0,Friday,6,24
2023-06-16,weather_event,south,9,72.8,0,Friday,6,24
2023-06-17,auto_collision,northeast,115,45.7,0,Saturday,6,24
2023-06-17,auto_liability,midwest,45,62.2,0,Saturday,6,24
2023-06-17,property_damage,west,102,57.4,0,Saturday,6,24
2023-06-17,weather_event,west,11,70.2,0,Saturday,6,24
2023-06-18,auto_collision,northeast,93,41.0,0,Sunday,6,24
2023-06-18,auto_liability,west,57,62.4,0,Sunday,6,24
2023-06-18,property_damage,west,32,56.5,0,Sunday,6,24
2023-06-18,weather_event,northeast,12,68.5,0,Sunday,6,24
2023-06-19,auto_collision,midwest,181,45.4,0,Monday,6,25
2023-06-19,auto_liability,midwest,180,58.7,0,Monday,6,25
2023-06-19,property_damage,south,60,51.3,0,Monday,6,25
2023-06-19,weather_event,midwest,21,93.9,0,Monday,6,25
2023-06-20,auto_collision,south,329,37.9,0,Tuesday,6,25
2023-06-20,auto_liability,midwest,18,58.7,0,Tuesday,6,25
2023-06-20,property_damage,south,44,57.6,0,Tuesday,6,25
2023-06-20,weather_event,south,20,65.3,0,Tuesday,6,25
2023-06-21,auto_collision,northeast,233,41.8,0,Wednesday,6,25
2023-06-21,auto_liability,northeast,66,53.8,0,Wednesday,6,25
2023-06-21,property_damage,south,74,50.5,0,Wednesday,6,25
2023-06-21,weather_event,west,27,72.9,0,Wednesday,6,25
2023-06-22,auto_collision,northeast,164,35.7,0,Thursday,6,25
2023-06-22,auto_liability,south,97,49.6,0,Thursday,6,25
2023-06-22,property_damage,south,18,46.8,0,Thursday,6,25
2023-06-22,weather_event,west,98,71.5,0,Thursday,6,25
2023-06-23,auto_collision,west,137,40.3,0,Friday,6,25
2023-06-23,auto_liability,west,198,65.6,0,Friday,6,25
2023-06-23,property_damage,midwest,109,58.4,0,Friday,6,25
2023-06-23,weather_event,midwest,15,72.8,0,Friday,6,25
2023-06-24,auto_collision,midwest,52,51.5,0,Saturday,6,25
2023-06-24,auto_liability,west,94,70.7,0,Saturday,6,25
2023-06-24,property_damage,south,67,57.7,0,Saturday,6,25
2023-06-24,weather_event,south,86,85.6,0,Saturday,6,25
2023-06-25,auto_collision,west,77,48.0,0,Sunday,6,25
2023-06-25,auto_liability,northeast,72,59.9,0,Sunday,6,25
2023-06-25,property_damage,midwest,34,57.9,0,Sunday,6,25
2023-06-25,weather_event,west,19,77.4,0,Sunday,6,25
2023-06-26,auto_collision,midwest,169,41.3,0,Monday,6,26
2023-06-26,auto_liability,midwest,249,63.2,0,Monday,6,26
2023-06-26,property_damage,midwest,31,61.4,0,Monday,6,26
2023-06-26,weather_event,northeast,0,70.8,0,Monday,6,26
2023-06-27,auto_collision,south,101,48.6,0,Tuesday,6,26
2023-06-27,auto_liability,west,129,62.0,0,Tuesday,6,26
2023-06-27,property_damage,midwest,201,53.3,0,Tuesday,6,26
2023-06-27,weather_event,northeast,12,74.3,0,Tuesday,6,26
2023-06-28,auto_collision,south,145,44.9,0,Wednesday,6,26
2023-06-28,auto_liability,south,100,61.0,0,Wednesday,6,26
2023-06-28,property_damage,south,134,50.2,0,Wednesday,6,26
2023-06-28,weather_event,midwest,0,77.1,0,Wednesday,6,26
2023-06-29,auto_collision,midwest,165,41.6,0,Thursday,6,26
2023-06-29,auto_liability,northeast,173,66.7,0,Thursday,6,26
2023-06-29,property_damage,west,68,42.1,0,Thursday,6,26
2023-06-29,weather_event,south,61,84.9,0,Thursday,6,26
2023-06-30,auto_collision,northeast,645,44.2,1,Friday,6,26
2023-06-30,auto_liability,midwest,260,55.0,1,Friday,6,26
2023-06-30,property_damage,midwest,197,50.3,1,Friday,6,26
2023-06-30,weather_event,midwest,84,90.9,1,Friday,6,26
2023-07-01,auto_collision,northeast,149,45.4,0,Saturday,7,26
2023-07-01,auto_liability,midwest,30,51.6,0,Saturday,7,26
2023-07-01,property_damage,northeast,58,59.8,0,Saturday,7,26
2023-07-01,weather_event,midwest,33,78.6,0,Saturday,7,26
2023-07-02,auto_collision,west,40,39.1,0,Sunday,7,26
2023-07-02,auto_liability,west,77,53.4,0,Sunday,7,26
2023-07-02,property_damage,northeast,37,55.4,0,Sunday,7,26
2023-07-02,weather_event,south,43,70.9,0,Sunday,7,26
2023-07-03,auto_collision,west,89,47.8,0,Monday,7,27
2023-07-03,auto_liability,south,274,67.3,0,Monday,7,27
2023-07-03,property_damage,midwest,58,52.2,0,Monday,7,27
2023-07-03,weather_event,midwest,16,70.0,0,Monday,7,27
2023-07-04,auto_collision,midwest,61,41.7,0,Tuesday,7,27
2023-07-04,auto_liability,northeast,66,57.3,0,Tuesday,7,27
2023-07-04,property_damage,northeast,43,58.1,0,Tuesday,7,27
2023-07-04,weather_event,west,0,82.8,0,Tuesday,7,27
2023-07-05,auto_collision,west,113,44.2,0,Wednesday,7,27
2023-07-05,auto_liability,south,104,68.2,0,Wednesday,7,27
2023-07-05,property_damage,south,108,60.9,0,Wednesday,7,27
2023-07-05,weather_event,northeast,88,85.4,0,Wednesday,7,27
2023-07-06,auto_collision,midwest,103,41.1,0,Thursday,7,27
2023-07-06,auto_liability,midwest,79,72.6,0,Thursday,7,27
2023-07-06,property_damage,south,156,54.6,0,Thursday,7,27
2023-07-06,weather_event,midwest,56,76.6,0,Thursday,7,27
2023-07-07,auto_collision,midwest,129,47.2,0,Friday,7,27
2023-07-07,auto_liability,northeast,195,60.0,0,Friday,7,27
2023-07-07,property_damage,northeast,97,57.2,0,Friday,7,27
2023-07-07,weather_event,west,22,71.8,0,Friday,7,27
2023-07-08,auto_collision,northeast,48,44.4,0,Saturday,7,27
2023-07-08,auto_liability,south,110,63.2,0,Saturday,7,27
2023-07-08,property_damage,south,39,53.2,0,Saturday,7,27
2023-07-08,weather_event,south,98,67.1,0,Saturday,7,27
2023-07-09,auto_collision,west,100,50.6,0,Sunday,7,27
2023-07-09,auto_liability,northeast,46,56.4,0,Sunday,7,27
2023-07-09,property_damage,west,37,64.2,0,Sunday,7,27
2023-07-09,weather_event,south,38,73.5,0,Sunday,7,27
2023-07-10,auto_collision,west,123,44.2,0,Monday,7,28
2023-07-10,auto_liability,northeast,96,66.7,0,Monday,7,28
2023-07-10,property_damage,midwest,175,65.5,0,Monday,7,28
2023-07-10,weather_event,west,42,65.5,0,Monday,7,28
2023-07-11,auto_collision,south,67,40.5,0,Tuesday,7,28
2023-07-11,auto_liability,west,104,56.9,0,Tuesday,7,28
2023-07-11,property_damage,midwest,181,53.6,0,Tuesday,7,28
2023-07-11,weather_event,midwest,47,83.4,0,Tuesday,7,28
2023-07-12,auto_collision,west,155,45.0,0,Wednesday,7,28
2023-07-12,auto_liability,midwest,253,53.8,0,Wednesday,7,28
2023-07-12,property_damage,midwest,6,55.9,0,Wednesday,7,28
2023-07-12,weather_event,south,10,82.1,0,Wednesday,7,28
2023-07-13,auto_collision,midwest,157,36.1,0,Thursday,7,28
2023-07-13,auto_liability,south,42,63.0,0,Thursday,7,28
2023-07-13,property_damage,south,172,48.6,0,Thursday,7,28
2023-07-13,weather_event,south,22,84.6,0,Thursday,7,28
2023-07-14,auto_collision,midwest,250,38.4,0,Friday,7,28
2023-07-14,auto_liability,south,103,67.6,0,Friday,7,28
2023-07-14,property_damage,midwest,34,54.4,0,Friday,7,28
2023-07-14,weather_event,midwest,25,86.0,0,Friday,7,28
2023-07-15,auto_collision,northeast,76,35.7,0,Saturday,7,28
2023-07-15,auto_liability,south,110,67.8,0,Saturday,7,28
2023-07-15,property_damage,south,60,52.4,0,Saturday,7,28
2023-07-15,weather_event,west,32,75.6,0,Saturday,7,28
2023-07-16,auto_collision,northeast,80,50.7,0,Sunday,7,28
2023-07-16,auto_liability,west,70,58.3,0,Sunday,7,28
2023-07-16,property_damage,midwest,21,53.5,0,Sunday,7,28
2023-07-16,weather_event,midwest,9,67.8,0,Sunday,7,28
2023-07-17,auto_collision,midwest,178,46.8,0,Monday,7,29
2023-07-17,auto_liability,south,104,62.4,0,Monday,7,29
2023-07-17,property_damage,south,91,48.5,0,Monday,7,29
2023-07-17,weather_event,west,71,74.9,0,Monday,7,29
2023-07-18,auto_collision,west,146,41.4,0,Tuesday,7,29
2023-07-18,auto_liability,northeast,133,66.9,0,Tuesday,7,29
2023-07-18,property_damage,west,10,52.7,0,Tuesday,7,29
2023-07-18,weather_event,south,123,93.0,0,Tuesday,7,29
2023-07-19,auto_collision,west,129,47.7,0,Wednesday,7,29
2023-07-19,auto_liability,northeast,200,71.6,0,Wednesday,7,29
2023-07-19,property_damage,west,37,48.5,0,Wednesday,7,29
2023-07-19,weather_event,west,29,75.1,0,Wednesday,7,29
2023-07-20,auto_collision,northeast,157,40.1,0,Thursday,7,29
2023-07-20,auto_liability,south,142,59.5,0,Thursday,7,29
2023-07-20,property_damage,midwest,75,52.9,0,Thursday,7,29
2023-07-20,weather_event,south,25,74.3,0,Thursday,7,29
2023-07-21,auto_collision,northeast,387,48.4,1,Friday,7,29
2023-07-21,auto_liability,south,519,67.0,1,Friday,7,29
2023-07-21,property_damage,midwest,90,55.0,1,Friday,7,29
2023-07-21,weather_event,midwest,19,71.2,1,Friday,7,29
2023-07-22,auto_collision,northeast,108,45.9,0,Saturday,7,29
2023-07-22,auto_liability,south,94,59.0,0,Saturday,7,29
2023-07-22,property_damage,west,38,54.0,0,Saturday,7,29
2023-07-22,weather_event,northeast,32,77.3,0,Saturday,7,29
2023-07-23,auto_collision,northeast,161,52.9,1,Sunday,7,29
2023-07-23,auto_liability,west,239,58.1,1,Sunday,7,29
2023-07-23,property_damage,midwest,88,58.4,1,Sunday,7,29
2023-07-23,weather_event,west,19,85.3,1,Sunday,7,29
2023-07-24,auto_collision,northeast,262,44.7,0,Monday,7,30
2023-07-24,auto_liability,west,23,50.9,0,Monday,7,30
2023-07-24,property_damage,northeast,20,63.2,0,Monday,7,30
2023-07-24,weather_event,midwest,140,87.6,0,Monday,7,30
2023-07-25,auto_collision,west,140,35.4,0,Tuesday,7,30
2023-07-25,auto_liability,midwest,147,59.0,0,Tuesday,7,30
2023-07-25,property_damage,midwest,35,52.0,0,Tuesday,7,30
2023-07-25,weather_event,midwest,58,77.4,0,Tuesday,7,30
2023-07-26,auto_collision,south,299,43.6,0,Wednesday,7,30
2023-07-26,auto_liability,south,14,61.6,0,Wednesday,7,30
2023-07-26,property_damage,south,76,42.6,0,Wednesday,7,30
2023-07-26,weather_event,west,1,71.1,0,Wednesday,7,30
2023-07-27,auto_collision,northeast,116,53.9,0,Thursday,7,30
2023-07-27,auto_liability,west,130,41.7,0,Thursday,7,30
2023-07-27,property_damage,south,81,63.7,0,Thursday,7,30
2023-07-27,weather_event,midwest,32,59.1,0,Thursday,7,30
2023-07-28,auto_collision,south,324,49.1,0,Friday,7,30
2023-07-28,auto_liability,south,48,68.2,0,Friday,7,30
2023-07-28,property_damage,west,60,53.3,0,Friday,7,30
2023-07-28,weather_event,south,16,84.4,0,Friday,7,30
2023-07-29,auto_collision,northeast,55,46.3,0,Saturday,7,30
2023-07-29,auto_liability,midwest,93,66.8,0,Saturday,7,30
2023-07-29,property_damage,northeast,105,57.4,0,Saturday,7,30
2023-07-29,weather_event,midwest,8,85.4,0,Saturday,7,30
2023-07-30,auto_collision,midwest,49,46.7,0,Sunday,7,30
2023-07-30,auto_liability,northeast,71,59.9,0,Sunday,7,30
2023-07-30,property_damage,midwest,54,52.3,0,Sunday,7,30
2023-07-30,weather_event,west,0,69.5,0,Sunday,7,30
2023-07-31,auto_collision,west,121,42.5,0,Monday,7,31
2023-07-31,auto_liability,south,97,60.6,0,Monday,7,31
2023-07-31,property_damage,midwest,52,58.8,0,Monday,7,31
2023-07-31,weather_event,northeast,170,67.0,0,Monday,7,31
2023-08-01,auto_collision,south,154,48.1,0,Tuesday,8,31
2023-08-01,auto_liability,south,147,64.7,0,Tuesday,8,31
2023-08-01,property_damage,northeast,53,51.7,0,Tuesday,8,31
2023-08-01,weather_event,northeast,21,68.1,0,Tuesday,8,31
2023-08-02,auto_collision,northeast,135,51.4,0,Wednesday,8,31
2023-08-02,auto_liability,south,40,55.8,0,Wednesday,8,31
2023-08-02,property_damage,midwest,150,49.7,0,Wednesday,8,31
2023-08-02,weather_event,northeast,60,78.9,0,Wednesday,8,31
2023-08-03,auto_collision,south,169,47.1,0,Thursday,8,31
2023-08-03,auto_liability,midwest,131,61.9,0,Thursday,8,31
2023-08-03,property_damage,south,22,54.3,0,Thursday,8,31
2023-08-03,weather_event,west,73,79.9,0,Thursday,8,31
2023-08-04,auto_collision,midwest,140,42.6,0,Friday,8,31
2023-08-04,auto_liability,northeast,117,60.4,0,Friday,8,31
2023-08-04,property_damage,midwest,124,41.9,0,Friday,8,31
2023-08-04,weather_event,south,8,95.9,0,Friday,8,31
2023-08-05,auto_collision,northeast,106,42.7,0,Saturday,8,31
2023-08-05,auto_liability,west,47,63.2,0,Saturday,8,31
2023-08-05,property_damage,midwest,93,41.6,0,Saturday,8,31
2023-08-05,weather_event,northeast,15,65.1,0,Saturday,8,31
2023-08-06,auto_collision,west,10,42.1,0,Sunday,8,31
2023-08-06,auto_liability,west,79,59.4,0,Sunday,8,31
2023-08-06,property_damage,south,63,60.7,0,Sunday,8,31
2023-08-06,weather_event,west,21,63.4,0,Sunday,8,31
2023-08-07,auto_collision,west,179,44.2,0,Monday,8,32
2023-08-07,auto_liability,west,109,59.7,0,Monday,8,32
2023-08-07,property_damage,midwest,139,59.2,0,Monday,8,32
2023-08-07,weather_event,west,9,82.0,0,Monday,8,32
2023-08-08,auto_collision,south,74,34.5,0,Tuesday,8,32
2023-08-08,auto_liability,south,113,71.7,0,Tuesday,8,32
2023-08-08,property_damage,south,125,58.1,0,Tuesday,8,32
2023-08-08,weather_event,south,79,75.5,0,Tuesday,8,32
2023-08-09,auto_collision,west,161,46.1,0,Wednesday,8,32
2023-08-09,auto_liability,northeast,74,60.4,0,Wednesday,8,32
2023-08-09,property_damage,west,130,61.2,0,Wednesday,8,32
2023-08-09,weather_event,midwest,16,67.6,0,Wednesday,8,32
2023-08-10,auto_collision,west,200,45.9,0,Thursday,8,32
2023-08-10,auto_liability,west,125,59.3,0,Thursday,8,32
2023-08-10,property_damage,midwest,42,52.5,0,Thursday,8,32
2023-08-10,weather_event,west,9,66.2,0,Thursday,8,32
2023-08-11,auto_collision,south,80,47.6,0,Friday,8,32
2023-08-11,auto_liability,south,42,60.7,0,Friday,8,32
2023-08-11,property_damage,west,117,54.0,0,Friday,8,32
2023-08-11,weather_event,northeast,154,78.7,0,Friday,8,32
2023-08-12,auto_collision,south,123,51.5,0,Saturday,8,32
2023-08-12,auto_liability,south,41,49.5,0,Saturday,8,32
2023-08-12,property_damage,south,48,63.1,0,Saturday,8,32
2023-08-12,weather_event,south,23,81.4,0,Saturday,8,32
2023-08-13,auto_collision,northeast,84,49.5,0,Sunday,8,32
2023-08-13,auto_liability,west,53,52.5,0,Sunday,8,32
2023-08-13,property_damage,midwest,25,50.2,0,Sunday,8,32
2023-08-13,weather_event,midwest,2,61.8,0,Sunday,8,32
2023-08-14,auto_collision,midwest,123,39.7,0,Monday,8,33
2023-08-14,auto_liability,south,183,51.7,0,Monday,8,33
2023-08-14,property_damage,south,75,54.8,0,Monday,8,33
2023-08-14,weather_event,northeast,35,68.0,0,Monday,8,33
2023-08-15,auto_collision,south,166,44.1,0,Tuesday,8,33
2023-08-15,auto_liability,midwest,168,66.3,0,Tuesday,8,33
2023-08-15,property_damage,west,40,50.7,0,Tuesday,8,33
2023-08-15,weather_event,west,14,68.1,0,Tuesday,8,33
2023-08-16,auto_collision,west,61,49.9,0,Wednesday,8,33
2023-08-16,auto_liability,midwest,128,48.0,0,Wednesday,8,33
2023-08-16,property_damage,west,44,50.0,0,Wednesday,8,33
2023-08-16,weather_event,northeast,113,84.6,0,Wednesday,8,33
2023-08-17,auto_collision,midwest,125,44.2,0,Thursday,8,33
2023-08-17,auto_liability,northeast,55,58.5,0,Thursday,8,33
2023-08-17,property_damage,northeast,160,47.9,0,Thursday,8,33
2023-08-17,weather_event,northeast,26,62.5,0,Thursday,8,33
2023-08-18,auto_collision,south,234,47.9,0,Friday,8,33
2023-08-18,auto_liability,midwest,128,62.6,0,Friday,8,33
2023-08-18,property_damage,south,54,61.3,0,Friday,8,33
2023-08-18,weather_event,northeast,0,70.2,0,Friday,8,33
2023-08-19,auto_collision,south,77,49.2,0,Saturday,8,33
2023-08-19,auto_liability,west,44,66.2,0,Saturday,8,33
2023-08-19,property_damage,midwest,75,52.2,0,Saturday,8,33
2023-08-19,weather_event,midwest,39,80.3,0,Saturday,8,33
2023-08-20,auto_collision,west,48,48.7,0,Sunday,8,33
2023-08-20,auto_liability,midwest,13,61.7,0,Sunday,8,33
2023-08-20,property_damage,northeast,65,59.3,0,Sunday,8,33
2023-08-20,weather_event,west,35,70.1,0,Sunday,8,33
2023-08-21,auto_collision,south,240,42.3,0,Monday,8,34
2023-08-21,auto_liability,northeast,106,61.4,0,Monday,8,34
2023-08-21,property_damage,northeast,47,57.2,0,Monday,8,34
2023-08-21,weather_event,south,1,65.6,0,Monday,8,34
2023-08-22,auto_collision,northeast,133,48.9,0,Tuesday,8,34
2023-08-22,auto_liability,south,43,61.5,0,Tuesday,8,34
2023-08-22,property_damage,south,51,49.8,0,Tuesday,8,34
2023-08-22,weather_event,south,135,84.2,0,Tuesday,8,34
2023-08-23,auto_collision,south,121,46.0,0,Wednesday,8,34
2023-08-23,auto_liability,south,169,63.2,0,Wednesday,8,34
2023-08-23,property_damage,west,65,61.4,0,Wednesday,8,34
2023-08-23,weather_event,west,33,76.0,0,Wednesday,8,34
2023-08-24,auto_collision,midwest,239,43.6,0,Thursday,8,34
2023-08-24,auto_liability,west,74,68.1,0,Thursday,8,34
2023-08-24,property_damage,northeast,29,48.8,0,Thursday,8,34
2023-08-24,weather_event,northeast,0,98.7,0,Thursday,8,34
2023-08-25,auto_collision,northeast,122,48.5,0,Friday,8,34
2023-08-25,auto_liability,west,145,57.3,0,Friday,8,34
2023-08-25,property_damage,midwest,102,58.2,0,Friday,8,34
2023-08-25,weather_event,midwest,37,80.5,0,Friday,8,34
2023-08-26,auto_collision,west,165,41.5,0,Saturday,8,34
2023-08-26,auto_liability,south,38,60.9,0,Saturday,8,34
2023-08-26,property_damage,west,19,55.3,0,Saturday,8,34
2023-08-26,weather_event,midwest,9,75.5,0,Saturday,8,34
2023-08-27,auto_collision,south,57,35.2,0,Sunday,8,34
2023-08-27,auto_liability,west,23,65.4,0,Sunday,8,34
2023-08-27,property_damage,west,7,53.3,0,Sunday,8,34
2023-08-27,weather_event,northeast,82,80.6,0,Sunday,8,34
2023-08-28,auto_collision,west,146,46.7,0,Monday,8,35
2023-08-28,auto_liability,south,58,62.5,0,Monday,8,35
2023-08-28,property_damage,northeast,155,56.9,0,Monday,8,35
2023-08-28,weather_event,south,32,71.2,0,Monday,8,35
2023-08-29,auto_collision,northeast,15,40.6,0,Tuesday,8,35
2023-08-29,auto_liability,west,201,67.9,0,Tuesday,8,35
2023-08-29,property_damage,northeast,103,67.7,0,Tuesday,8,35
2023-08-29,weather_event,west,81,68.1,0,Tuesday,8,35
2023-08-30,auto_collision,west,166,43.8,0,Wednesday,8,35
2023-08-30,auto_liability,midwest,86,56.7,0,Wednesday,8,35
2023-08-30,property_damage,northeast,62,58.0,0,Wednesday,8,35
2023-08-30,weather_event,midwest,48,68.8,0,Wednesday,8,35
2023-08-31,auto_collision,west,95,45.4,0,Thursday,8,35
2023-08-31,auto_liability,northeast,192,47.9,0,Thursday,8,35
2023-08-31,property_damage,northeast,71,50.1,0,Thursday,8,35
2023-08-31,weather_event,west,39,62.9,0,Thursday,8,35
2023-09-01,auto_collision,northeast,133,47.2,0,Friday,9,35
2023-09-01,auto_liability,midwest,65,45.4,0,Friday,9,35
2023-09-01,property_damage,midwest,62,56.8,0,Friday,9,35
2023-09-01,weather_event,midwest,111,77.7,0,Friday,9,35
2023-09-02,auto_collision,west,90,41.9,0,Saturday,9,35
2023-09-02,auto_liability,northeast,24,66.2,0,Saturday,9,35
2023-09-02,property_damage,northeast,55,54.2,0,Saturday,9,35
2023-09-02,weather_event,midwest,63,78.5,0,Saturday,9,35
2023-09-03,auto_collision,northeast,77,42.1,0,Sunday,9,35
2023-09-03,auto_liability,midwest,52,59.5,0,Sunday,9,35
2023-09-03,property_damage,northeast,15,60.6,0,Sunday,9,35
2023-09-03,weather_event,south,10,81.8,0,Sunday,9,35
2023-09-04,auto_collision,midwest,154,46.6,0,Monday,9,36
2023-09-04,auto_liability,northeast,140,43.8,0,Monday,9,36
2023-09-04,property_damage,northeast,35,52.5,0,Monday,9,36
2023-09-04,weather_event,midwest,35,87.9,0,Monday,9,36
2023-09-05,auto_collision,south,102,42.4,0,Tuesday,9,36
2023-09-05,auto_liability,west,122,61.9,0,Tuesday,9,36
2023-09-05,property_damage,west,46,62.3,0,Tuesday,9,36
2023-09-05,weather_event,south,45,81.3,0,Tuesday,9,36
2023-09-06,auto_collision,south,153,46.2,0,Wednesday,9,36
2023-09-06,auto_liability,west,97,68.2,0,Wednesday,9,36
2023-09-06,property_damage,west,71,61.4,0,Wednesday,9,36
2023-09-06,weather_event,northeast,27,66.7,0,Wednesday,9,36
2023-09-07,auto_collision,south,130,39.5,0,Thursday,9,36
2023-09-07,auto_liability,west,65,66.7,0,Thursday,9,36
2023-09-07,property_damage,northeast,75,62.1,0,Thursday,9,36
2023-09-07,weather_event,northeast,65,79.7,0,Thursday,9,36
2023-09-08,auto_collision,west,211,47.1,0,Friday,9,36
2023-09-08,auto_liability,northeast,52,56.2,0,Friday,9,36
2023-09-08,property_damage,west,77,51.3,0,Friday,9,36
2023-09-08,weather_event,northeast,15,72.7,0,Friday,9,36
2023-09-09,auto_collision,midwest,96,47.6,0,Saturday,9,36
2023-09-09,auto_liability,midwest,104,48.1,0,Saturday,9,36
2023-09-09,property_damage,northeast,0,46.4,0,Saturday,9,36
2023-09-09,weather_event,midwest,25,68.8,0,Saturday,9,36
2023-09-10,auto_collision,northeast,83,35.2,0,Sunday,9,36
2023-09-10,auto_liability,south,43,61.8,0,Sunday,9,36
2023-09-10,property_damage,west,51,61.5,0,Sunday,9,36
2023-09-10,weather_event,midwest,6,53.9,0,Sunday,9,36
2023-09-11,auto_collision,west,131,33.9,0,Monday,9,37
2023-09-11,auto_liability,northeast,158,52.6,0,Monday,9,37
2023-09-11,property_damage,west,41,51.3,0,Monday,9,37
2023-09-11,weather_event,northeast,69,67.9,0,Monday,9,37
2023-09-12,auto_collision,west,88,40.1,0,Tuesday,9,37
2023-09-12,auto_liability,northeast,38,54.4,0,Tuesday,9,37
2023-09-12,property_damage,south,128,58.1,0,Tuesday,9,37
2023-09-12,weather_event,midwest,58,88.9,0,Tuesday,9,37
2023-09-13,auto_collision,midwest,149,42.1,0,Wednesday,9,37
2023-09-13,auto_liability,northeast,9,59.4,0,Wednesday,9,37
2023-09-13,property_damage,northeast,159,49.1,0,Wednesday,9,37
2023-09-13,weather_event,west,15,63.1,0,Wednesday,9,37
2023-09-14,auto_collision,midwest,182,48.6,0,Thursday,9,37
2023-09-14,auto_liability,west,81,63.5,0,Thursday,9,37
2023-09-14,property_damage,midwest,87,54.1,0,Thursday,9,37
2023-09-14,weather_event,midwest,0,77.3,0,Thursday,9,37
2023-09-15,auto_collision,midwest,143,43.2,0,Friday,9,37
2023-09-15,auto_liability,south,132,56.9,0,Friday,9,37
2023-09-15,property_damage,midwest,31,58.3,0,Friday,9,37
2023-09-15,weather_event,south,38,78.3,0,Friday,9,37
2023-09-16,auto_collision,midwest,120,38.4,0,Saturday,9,37
2023-09-16,auto_liability,midwest,52,75.8,0,Saturday,9,37
2023-09-16,property_damage,northeast,38,43.3,0,Saturday,9,37
2023-09-16,weather_event,northeast,43,65.7,0,Saturday,9,37
2023-09-17,auto_collision,midwest,32,47.2,0,Sunday,9,37
2023-09-17,auto_liability,west,79,54.8,0,Sunday,9,37
2023-09-17,property_damage,northeast,14,45.7,0,Sunday,9,37
2023-09-17,weather_event,west,44,73.3,0,Sunday,9,37
2023-09-18,auto_collision,midwest,48,49.4,0,Monday,9,38
2023-09-18,auto_liability,midwest,196,59.5,0,Monday,9,38
2023-09-18,property_damage,midwest,67,53.3,0,Monday,9,38
2023-09-18,weather_event,northeast,56,75.8,0,Monday,9,38
2023-09-19,auto_collision,midwest,240,50.5,0,Tuesday,9,38
2023-09-19,auto_liability,west,43,51.8,0,Tuesday,9,38
2023-09-19,property_damage,south,18,59.1,0,Tuesday,9,38
2023-09-19,weather_event,northeast,52,72.8,0,Tuesday,9,38
2023-09-20,auto_collision,northeast,132,45.5,0,Wednesday,9,38
2023-09-20,auto_liability,northeast,155,66.5,0,Wednesday,9,38
2023-09-20,property_damage,midwest,16,53.0,0,Wednesday,9,38
2023-09-20,weather_event,west,31,78.9,0,Wednesday,9,38
2023-09-21,auto_collision,west,120,49.3,0,Thursday,9,38
2023-09-21,auto_liability,west,74,56.1,0,Thursday,9,38
2023-09-21,property_damage,west,123,65.7,0,Thursday,9,38
2023-09-21,weather_event,south,30,74.7,0,Thursday,9,38
2023-09-22,auto_collision,west,72,42.7,0,Friday,9,38
2023-09-22,auto_liability,northeast,85,62.6,0,Friday,9,38
2023-09-22,property_damage,midwest,123,49.9,0,Friday,9,38
2023-09-22,weather_event,midwest,27,65.9,0,Friday,9,38
2023-09-23,auto_collision,west,89,44.5,0,Saturday,9,38
2023-09-23,auto_liability,south,43,66.3,0,Saturday,9,38
2023-09-23,property_damage,midwest,41,59.0,0,Saturday,9,38
2023-09-23,weather_event,west,46,76.9,0,Saturday,9,38
2023-09-24,auto_collision,west,115,43.0,1,Sunday,9,38
2023-09-24,auto_liability,midwest,221,56.9,1,Sunday,9,38
2023-09-24,property_damage,west,51,45.5,1,Sunday,9,38
2023-09-24,weather_event,south,20,72.1,1,Sunday,9,38
2023-09-25,auto_collision,midwest,184,52.8,0,Monday,9,39
2023-09-25,auto_liability,west,54,61.8,0,Monday,9,39
2023-09-25,property_damage,midwest,110,64.2,0,Monday,9,39
2023-09-25,weather_event,south,17,67.7,0,Monday,9,39
2023-09-26,auto_collision,midwest,84,46.9,0,Tuesday,9,39
2023-09-26,auto_liability,midwest,161,52.7,0,Tuesday,9,39
2023-09-26,property_damage,northeast,35,51.9,0,Tuesday,9,39
2023-09-26,weather_event,south,45,75.6,0,Tuesday,9,39
2023-09-27,auto_collision,midwest,202,38.5,0,Wednesday,9,39
2023-09-27,auto_liability,west,61,59.1,0,Wednesday,9,39
2023-09-27,property_damage,northeast,29,55.2,0,Wednesday,9,39
2023-09-27,weather_event,south,27,80.7,0,Wednesday,9,39
2023-09-28,auto_collision,midwest,121,44.0,0,Thursday,9,39
2023-09-28,auto_liability,northeast,67,54.6,0,Thursday,9,39
2023-09-28,property_damage,northeast,68,59.0,0,Thursday,9,39
2023-09-28,weather_event,northeast,36,74.1,0,Thursday,9,39
2023-09-29,auto_collision,northeast,285,44.7,1,Friday,9,39
2023-09-29,auto_liability,northeast,239,64.0,1,Friday,9,39
2023-09-29,property_damage,south,296,54.6,1,Friday,9,39
2023-09-29,weather_event,northeast,68,74.6,1,Friday,9,39
2023-09-30,auto_collision,northeast,74,45.4,0,Saturday,9,39
2023-09-30,auto_liability,south,50,54.5,0,Saturday,9,39
2023-09-30,property_damage,midwest,41,53.8,0,Saturday,9,39
2023-09-30,weather_event,west,30,82.4,0,Saturday,9,39
2023-10-01,auto_collision,midwest,69,34.8,0,Sunday,10,39
2023-10-01,auto_liability,south,44,62.4,0,Sunday,10,39
2023-10-01,property_damage,south,6,64.5,0,Sunday,10,39
2023-10-01,weather_event,midwest,21,69.4,0,Sunday,10,39
2023-10-02,auto_collision,west,109,45.3,0,Monday,10,40
2023-10-02,auto_liability,northeast,105,55.2,0,Monday,10,40
2023-10-02,property_damage,northeast,123,47.6,0,Monday,10,40
2023-10-02,weather_event,west,35,68.1,0,Monday,10,40
2023-10-03,auto_collision,northeast,71,42.1,0,Tuesday,10,40
2023-10-03,auto_liability,west,78,53.7,0,Tuesday,10,40
2023-10-03,property_damage,northeast,85,56.9,0,Tuesday,10,40
2023-10-03,weather_event,northeast,112,65.5,0,Tuesday,10,40
2023-10-04,auto_collision,south,185,31.5,0,Wednesday,10,40
2023-10-04,auto_liability,northeast,22,59.0,0,Wednesday,10,40
2023-10-04,property_damage,south,74,47.8,0,Wednesday,10,40
2023-10-04,weather_event,west,25,74.4,0,Wednesday,10,40
2023-10-05,auto_collision,northeast,83,46.7,0,Thursday,10,40
2023-10-05,auto_liability,northeast,84,61.7,0,Thursday,10,40
2023-10-05,property_damage,midwest,68,50.6,0,Thursday,10,40
2023-10-05,weather_event,midwest,43,76.1,0,Thursday,10,40
2023-10-06,auto_collision,northeast,182,48.2,0,Friday,10,40
2023-10-06,auto_liability,northeast,1,60.8,0,Friday,10,40
2023-10-06,property_damage,midwest,110,55.6,0,Friday,10,40
2023-10-06,weather_event,west,20,70.4,0,Friday,10,40
2023-10-07,auto_collision,midwest,78,47.0,0,Saturday,10,40
2023-10-07,auto_liability,midwest,19,68.3,0,Saturday,10,40
2023-10-07,property_damage,south,40,57.8,0,Saturday,10,40
2023-10-07,weather_event,west,76,74.0,0,Saturday,10,40
2023-10-08,auto_collision,northeast,52,56.0,0,Sunday,10,40
2023-10-08,auto_liability,south,38,57.2,0,Sunday,10,40
2023-10-08,property_damage,northeast,10,58.3,0,Sunday,10,40
2023-10-08,weather_event,south,19,63.8,0,Sunday,10,40
2023-10-09,auto_collision,south,128,44.6,0,Monday,10,41
2023-10-09,auto_liability,midwest,13,61.3,0,Monday,10,41
2023-10-09,property_damage,midwest,99,56.8,0,Monday,10,41
2023-10-09,weather_event,south,91,84.5,0,Monday,10,41
2023-10-10,auto_collision,midwest,68,46.3,0,Tuesday,10,41
2023-10-10,auto_liability,west,127,52.7,0,Tuesday,10,41
2023-10-10,property_damage,northeast,92,57.8,0,Tuesday,10,41
2023-10-10,weather_event,west,22,67.4,0,Tuesday,10,41
2023-10-11,auto_collision,south,129,45.0,0,Wednesday,10,41
2023-10-11,auto_liability,northeast,106,53.2,0,Wednesday,10,41
2023-10-11,property_damage,south,62,56.3,0,Wednesday,10,41
2023-10-11,weather_event,northeast,11,60.5,0,Wednesday,10,41
2023-10-12,auto_collision,midwest,67,43.6,0,Thursday,10,41
2023-10-12,auto_liability,south,63,54.9,0,Thursday,10,41
2023-10-12,property_damage,northeast,135,62.8,0,Thursday,10,41
2023-10-12,weather_event,northeast,36,92.5,0,Thursday,10,41
2023-10-13,auto_collision,south,94,45.5,0,Friday,10,41
2023-10-13,auto_liability,west,142,64.5,0,Friday,10,41
2023-10-13,property_damage,west,78,56.2,0,Friday,10,41
2023-10-13,weather_event,midwest,22,76.6,0,Friday,10,41
2023-10-14,auto_collision,northeast,118,42.3,0,Saturday,10,41
2023-10-14,auto_liability,south,51,55.4,0,Saturday,10,41
2023-10-14,property_damage,south,9,62.7,0,Saturday,10,41
2023-10-14,weather_event,south,49,73.0,0,Saturday,10,41
2023-10-15,auto_collision,west,68,43.4,0,Sunday,10,41
2023-10-15,auto_liability,northeast,55,58.3,0,Sunday,10,41
2023-10-15,property_damage,south,11,52.6,0,Sunday,10,41
2023-10-15,weather_event,midwest,11,83.7,0,Sunday,10,41
2023-10-16,auto_collision,northeast,54,45.3,0,Monday,10,42
2023-10-16,auto_liability,northeast,155,52.2,0,Monday,10,42
2023-10-16,property_damage,west,89,48.2,0,Monday,10,42
2023-10-16,weather_event,northeast,8,74.3,0,Monday,10,42
2023-10-17,auto_collision,midwest,149,45.8,0,Tuesday,10,42
2023-10-17,auto_liability,midwest,81,58.6,0,Tuesday,10,42
2023-10-17,property_damage,northeast,18,60.9,0,Tuesday,10,42
2023-10-17,weather_event,west,48,63.1,0,Tuesday,10,42
2023-10-18,auto_collision,midwest,90,46.8,0,Wednesday,10,42
2023-10-18,auto_liability,south,98,55.2,0,Wednesday,10,42
2023-10-18,property_damage,midwest,40,59.6,0,Wednesday,10,42
2023-10-18,weather_event,west,67,78.4,0,Wednesday,10,42
2023-10-19,auto_collision,south,38,51.4,0,Thursday,10,42
2023-10-19,auto_liability,west,14,65.1,0,Thursday,10,42
2023-10-19,property_damage,south,203,62.3,0,Thursday,10,42
2023-10-19,weather_event,west,29,77.5,0,Thursday,10,42
2023-10-20,auto_collision,west,84,45.5,0,Friday,10,42
2023-10-20,auto_liability,northeast,202,56.7,0,Friday,10,42
2023-10-20,property_damage,northeast,28,63.6,0,Friday,10,42
2023-10-20,weather_event,west,9,64.3,0,Friday,10,42
2023-10-21,auto_collision,midwest,46,48.8,0,Saturday,10,42
2023-10-21,auto_liability,northeast,124,61.6,0,Saturday,10,42
2023-10-21,property_damage,northeast,42,54.5,0,Saturday,10,42
2023-10-21,weather_event,west,0,80.1,0,Saturday,10,42
2023-10-22,auto_collision,midwest,56,41.0,0,Sunday,10,42
2023-10-22,auto_liability,west,66,58.3,0,Sunday,10,42
2023-10-22,property_damage,south,16,53.8,0,Sunday,10,42
2023-10-22,weather_event,west,13,70.2,0,Sunday,10,42
2023-10-23,auto_collision,northeast,164,44.0,0,Monday,10,43
2023-10-23,auto_liability,northeast,86,71.5,0,Monday,10,43
2023-10-23,property_damage,south,49,58.5,0,Monday,10,43
2023-10-23,weather_event,west,5,76.1,0,Monday,10,43
2023-10-24,auto_collision,midwest,117,49.0,0,Tuesday,10,43
2023-10-24,auto_liability,northeast,32,46.6,0,Tuesday,10,43
2023-10-24,property_damage,south,157,61.4,0,Tuesday,10,43
2023-10-24,weather_event,west,7,84.2,0,Tuesday,10,43
2023-10-25,auto_collision,west,155,47.3,0,Wednesday,10,43
2023-10-25,auto_liability,west,44,62.9,0,Wednesday,10,43
2023-10-25,property_damage,northeast,59,49.5,0,Wednesday,10,43
2023-10-25,weather_event,south,2,89.0,0,Wednesday,10,43
2023-10-26,auto_collision,midwest,149,44.8,0,Thursday,10,43
2023-10-26,auto_liability,midwest,80,46.6,0,Thursday,10,43
2023-10-26,property_damage,south,20,49.5,0,Thursday,10,43
2023-10-26,weather_event,northeast,9,73.9,0,Thursday,10,43
2023-10-27,auto_collision,south,76,48.4,0,Friday,10,43
2023-10-27,auto_liability,northeast,76,62.4,0,Friday,10,43
2023-10-27,property_damage,west,79,59.3,0,Friday,10,43
2023-10-27,weather_event,west,59,66.5,0,Friday,10,43
2023-10-28,auto_collision,northeast,53,48.5,0,Saturday,10,43
2023-10-28,auto_liability,northeast,37,58.1,0,Saturday,10,43
2023-10-28,property_damage,northeast,78,49.7,0,Saturday,10,43
2023-10-28,weather_event,west,12,74.5,0,Saturday,10,43
2023-10-29,auto_collision,midwest,150,42.1,1,Sunday,10,43
2023-10-29,auto_liability,west,120,60.6,1,Sunday,10,43
2023-10-29,property_damage,west,24,58.8,1,Sunday,10,43
2023-10-29,weather_event,south,35,57.4,1,Sunday,10,43
2023-10-30,auto_collision,west,64,47.8,0,Monday,10,44
2023-10-30,auto_liability,midwest,147,51.4,0,Monday,10,44
2023-10-30,property_damage,midwest,73,62.1,0,Monday,10,44
2023-10-30,weather_event,midwest,19,76.9,0,Monday,10,44
2023-10-31,auto_collision,south,162,39.9,0,Tuesday,10,44
2023-10-31,auto_liability,south,82,69.8,0,Tuesday,10,44
2023-10-31,property_damage,midwest,46,53.6,0,Tuesday,10,44
2023-10-31,weather_event,northeast,8,76.9,0,Tuesday,10,44
2023-11-01,auto_collision,west,113,37.9,0,Wednesday,11,44
2023-11-01,auto_liability,northeast,94,52.6,0,Wednesday,11,44
2023-11-01,property_damage,west,22,53.9,0,Wednesday,11,44
2023-11-01,weather_event,midwest,47,76.4,0,Wednesday,11,44
2023-11-02,auto_collision,south,149,43.7,0,Thursday,11,44
2023-11-02,auto_liability,west,21,52.7,0,Thursday,11,44
2023-11-02,property_damage,south,65,49.2,0,Thursday,11,44
2023-11-02,weather_event,south,24,73.4,0,Thursday,11,44
2023-11-03,auto_collision,south,132,45.7,0,Friday,11,44
2023-11-03,auto_liability,northeast,100,50.1,0,Friday,11,44
2023-11-03,property_damage,northeast,26,56.6,0,Friday,11,44
2023-11-03,weather_event,northeast,14,73.2,0,Friday,11,44
2023-11-04,auto_collision,northeast,56,47.3,0,Saturday,11,44
2023-11-04,auto_liability,south,19,56.5,0,Saturday,11,44
2023-11-04,property_damage,west,102,59.3,0,Saturday,11,44
2023-11-04,weather_event,west,18,73.8,0,Saturday,11,44
2023-11-05,auto_collision,west,93,44.6,0,Sunday,11,44
2023-11-05,auto_liability,midwest,12,68.1,0,Sunday,11,44
2023-11-05,property_damage,northeast,5,55.2,0,Sunday,11,44
2023-11-05,weather_event,midwest,12,65.2,0,Sunday,11,44
2023-11-06,auto_collision,west,157,48.2,0,Monday,11,45
2023-11-06,auto_liability,south,73,54.1,0,Monday,11,45
2023-11-06,property_damage,south,65,50.8,0,Monday,11,45
2023-11-06,weather_event,midwest,14,66.3,0,Monday,11,45
2023-11-07,auto_collision,midwest,98,37.8,0,Tuesday,11,45
2023-11-07,auto_liability,midwest,112,68.8,0,Tuesday,11,45
2023-11-07,property_damage,midwest,82,54.8,0,Tuesday,11,45
2023-11-07,weather_event,west,16,74.5,0,Tuesday,11,45
2023-11-08,auto_collision,west,95,40.2,0,Wednesday,11,45
2023-11-08,auto_liability,south,80,57.5,0,Wednesday,11,45
2023-11-08,property_damage,south,94,54.5,0,Wednesday,11,45
2023-11-08,weather_event,west,18,71.8,0,Wednesday,11,45
2023-11-09,auto_collision,midwest,30,47.3,0,Thursday,11,45
2023-11-09,auto_liability,midwest,173,58.1,0,Thursday,11,45
2023-11-09,property_damage,northeast,2,53.6,0,Thursday,11,45
2023-11-09,weather_event,south,28,64.0,0,Thursday,11,45
2023-11-10,auto_collision,midwest,330,46.3,1,Friday,11,45
2023-11-10,auto_liability,northeast,202,49.3,1,Friday,11,45
2023-11-10,property_damage,south,87,61.3,1,Friday,11,45
2023-11-10,weather_event,midwest,139,69.0,1,Friday,11,45
2023-11-11,auto_collision,west,64,44.9,0,Saturday,11,45
2023-11-11,auto_liability,northeast,77,56.5,0,Saturday,11,45
2023-11-11,property_damage,west,61,51.1,0,Saturday,11,45
2023-11-11,weather_event,midwest,0,82.8,0,Saturday,11,45
2023-11-12,auto_collision,south,76,47.5,0,Sunday,11,45
2023-11-12,auto_liability,west,17,66.2,0,Sunday,11,45
2023-11-12,property_damage,northeast,14,43.1,0,Sunday,11,45
2023-11-12,weather_event,northeast,14,63.3,0,Sunday,11,45
2023-11-13,auto_collision,south,75,46.7,0,Monday,11,46
2023-11-13,auto_liability,south,64,66.7,0,Monday,11,46
2023-11-13,property_damage,northeast,127,57.6,0,Monday,11,46
2023-11-13,weather_event,west,5,83.6,0,Monday,11,46
2023-11-14,auto_collision,northeast,82,44.5,0,Tuesday,11,46
2023-11-14,auto_liability,midwest,44,53.5,0,Tuesday,11,46
2023-11-14,property_damage,south,66,55.5,0,Tuesday,11,46
2023-11-14,weather_event,south,50,74.6,0,Tuesday,11,46
2023-11-15,auto_collision,west,20,44.4,0,Wednesday,11,46
2023-11-15,auto_liability,midwest,111,64.3,0,Wednesday,11,46
2023-11-15,property_damage,midwest,55,51.7,0,Wednesday,11,46
2023-11-15,weather_event,south,74,67.6,0,Wednesday,11,46
2023-11-16,auto_collision,south,73,47.3,0,Thursday,11,46
2023-11-16,auto_liability,northeast,86,59.0,0,Thursday,11,46
2023-11-16,property_damage,south,81,60.5,0,Thursday,11,46
2023-11-16,weather_event,northeast,15,68.2,0,Thursday,11,46
2023-11-17,auto_collision,west,243,44.0,0,Friday,11,46
2023-11-17,auto_liability,west,6,59.8,0,Friday,11,46
2023-11-17,property_damage,midwest,42,53.6,0,Friday,11,46
2023-11-17,weather_event,south,6,65.9,0,Friday,11,46
2023-11-18,auto_collision,south,20,38.0,0,Saturday,11,46
2023-11-18,auto_liability,midwest,128,62.8,0,Saturday,11,46
2023-11-18,property_damage,west,19,54.8,0,Saturday,11,46
2023-11-18,weather_event,west,17,61.0,0,Saturday,11,46
2023-11-19,auto_collision,northeast,62,41.3,0,Sunday,11,46
2023-11-19,auto_liability,midwest,37,54.4,0,Sunday,11,46
2023-11-19,property_damage,midwest,25,66.0,0,Sunday,11,46
2023-11-19,weather_event,midwest,7,77.2,0,Sunday,11,46
2023-11-20,auto_collision,west,162,32.5,0,Monday,11,47
2023-11-20,auto_liability,west,86,60.6,0,Monday,11,47
2023-11-20,property_damage,south,37,57.0,0,Monday,11,47
2023-11-20,weather_event,west,11,65.6,0,Monday,11,47
2023-11-21,auto_collision,south,84,43.5,0,Tuesday,11,47
2023-11-21,auto_liability,south,87,63.9,0,Tuesday,11,47
2023-11-21,property_damage,midwest,8,48.8,0,Tuesday,11,47
2023-11-21,weather_event,south,55,81.4,0,Tuesday,11,47
2023-11-22,auto_collision,west,97,51.4,0,Wednesday,11,47
2023-11-22,auto_liability,south,58,66.5,0,Wednesday,11,47
2023-11-22,property_damage,south,46,64.7,0,Wednesday,11,47
2023-11-22,weather_event,west,45,71.3,0,Wednesday,11,47
2023-11-23,auto_collision,midwest,169,42.0,0,Thursday,11,47
2023-11-23,auto_liability,west,49,70.1,0,Thursday,11,47
2023-11-23,property_damage,midwest,31,55.6,0,Thursday,11,47
2023-11-23,weather_event,northeast,31,72.9,0,Thursday,11,47
2023-11-24,auto_collision,west,54,37.9,0,Friday,11,47
2023-11-24,auto_liability,south,21,58.3,0,Friday,11,47
2023-11-24,property_damage,midwest,182,52.9,0,Friday,11,47
2023-11-24,weather_event,west,25,78.0,0,Friday,11,47
2023-11-25,auto_collision,northeast,22,46.3,0,Saturday,11,47
2023-11-25,auto_liability,midwest,9,59.0,0,Saturday,11,47
2023-11-25,property_damage,west,21,59.0,0,Saturday,11,47
2023-11-25,weather_event,west,15,68.5,0,Saturday,11,47
2023-11-26,auto_collision,south,11,40.4,0,Sunday,11,47
2023-11-26,auto_liability,northeast,53,60.5,0,Sunday,11,47
2023-11-26,property_damage,west,50,55.1,0,Sunday,11,47
2023-11-26,weather_event,south,12,73.7,0,Sunday,11,47
2023-11-27,auto_collision,south,131,48.5,0,Monday,11,48
2023-11-27,auto_liability,midwest,89,50.9,0,Monday,11,48
2023-11-27,property_damage,south,30,54.1,0,Monday,11,48
2023-11-27,weather_event,northeast,13,76.7,0,Monday,11,48
2023-11-28,auto_collision,midwest,89,41.3,0,Tuesday,11,48
2023-11-28,auto_liability,west,113,52.5,0,Tuesday,11,48
2023-11-28,property_damage,midwest,21,39.3,0,Tuesday,11,48
2023-11-28,weather_event,west,0,73.6,0,Tuesday,11,48
2023-11-29,auto_collision,west,116,45.0,0,Wednesday,11,48
2023-11-29,auto_liability,south,92,53.9,0,Wednesday,11,48
2023-11-29,property_damage,midwest,36,63.0,0,Wednesday,11,48
2023-11-29,weather_event,west,6,75.9,0,Wednesday,11,48
2023-11-30,auto_collision,midwest,32,54.5,0,Thursday,11,48
2023-11-30,auto_liability,midwest,74,63.3,0,Thursday,11,48
2023-11-30,property_damage,northeast,125,50.2,0,Thursday,11,48
2023-11-30,weather_event,west,16,75.8,0,Thursday,11,48
2023-12-01,auto_collision,west,112,46.1,0,Friday,12,48
2023-12-01,auto_liability,midwest,44,57.0,0,Friday,12,48
2023-12-01,property_damage,northeast,33,59.5,0,Friday,12,48
2023-12-01,weather_event,west,89,71.2,0,Friday,12,48
2023-12-02,auto_collision,northeast,25,42.9,0,Saturday,12,48
2023-12-02,auto_liability,northeast,48,65.6,0,Saturday,12,48
2023-12-02,property_damage,northeast,67,43.0,0,Saturday,12,48
2023-12-02,weather_event,west,12,67.9,0,Saturday,12,48
2023-12-03,auto_collision,midwest,59,40.9,0,Sunday,12,48
2023-12-03,auto_liability,midwest,31,62.4,0,Sunday,12,48
2023-12-03,property_damage,northeast,18,51.2,0,Sunday,12,48
2023-12-03,weather_event,south,0,58.3,0,Sunday,12,48
2023-12-04,auto_collision,northeast,127,44.2,0,Monday,12,49
2023-12-04,auto_liability,south,52,51.6,0,Monday,12,49
2023-12-04,property_damage,south,78,56.1,0,Monday,12,49
2023-12-04,weather_event,west,36,66.3,0,Monday,12,49
2023-12-05,auto_collision,midwest,71,42.8,0,Tuesday,12,49
2023-12-05,auto_liability,northeast,52,60.3,0,Tuesday,12,49
2023-12-05,property_damage,northeast,92,46.6,0,Tuesday,12,49
2023-12-05,weather_event,south,37,60.9,0,Tuesday,12,49
2023-12-06,auto_collision,west,76,44.3,0,Wednesday,12,49
2023-12-06,auto_liability,midwest,153,51.6,0,Wednesday,12,49
2023-12-06,property_damage,northeast,16,59.3,0,Wednesday,12,49
2023-12-06,weather_event,south,12,66.1,0,Wednesday,12,49
2023-12-07,auto_collision,midwest,123,47.1,0,Thursday,12,49
2023-12-07,auto_liability,west,35,61.1,0,Thursday,12,49
2023-12-07,property_damage,south,29,57.8,0,Thursday,12,49
2023-12-07,weather_event,south,55,76.6,0,Thursday,12,49
2023-12-08,auto_collision,midwest,139,47.0,0,Friday,12,49
2023-12-08,auto_liability,northeast,69,58.4,0,Friday,12,49
2023-12-08,property_damage,northeast,37,60.2,0,Friday,12,49
2023-12-08,weather_event,midwest,5,64.6,0,Friday,12,49
2023-12-09,auto_collision,south,70,40.6,0,Saturday,12,49
2023-12-09,auto_liability,midwest,13,65.0,0,Saturday,12,49
2023-12-09,property_damage,west,53,62.0,0,Saturday,12,49
2023-12-09,weather_event,midwest,15,62.3,0,Saturday,12,49
2023-12-10,auto_collision,midwest,22,49.7,0,Sunday,12,49
2023-12-10,auto_liability,northeast,63,74.0,0,Sunday,12,49
2023-12-10,property_damage,west,14,49.8,0,Sunday,12,49
2023-12-10,weather_event,midwest,14,75.4,0,Sunday,12,49
2023-12-11,auto_collision,west,194,50.9,0,Monday,12,50
2023-12-11,auto_liability,midwest,18,65.4,0,Monday,12,50
2023-12-11,property_damage,west,48,62.8,0,Monday,12,50
2023-12-11,weather_event,west,42,75.0,0,Monday,12,50
2023-12-12,auto_collision,west,125,42.4,0,Tuesday,12,50
2023-12-12,auto_liability,west,76,57.5,0,Tuesday,12,50
2023-12-12,property_damage,midwest,64,66.4,0,Tuesday,12,50
2023-12-12,weather_event,west,23,68.0,0,Tuesday,12,50
2023-12-13,auto_collision,northeast,70,44.9,0,Wednesday,12,50
2023-12-13,auto_liability,west,72,64.7,0,Wednesday,12,50
2023-12-13,property_damage,west,66,49.5,0,Wednesday,12,50
2023-12-13,weather_event,northeast,11,82.4,0,Wednesday,12,50
2023-12-14,auto_collision,northeast,123,48.4,0,Thursday,12,50
2023-12-14,auto_liability,midwest,74,56.1,0,Thursday,12,50
2023-12-14,property_damage,south,45,61.9,0,Thursday,12,50
2023-12-14,weather_event,northeast,1,70.4,0,Thursday,12,50
2023-12-15,auto_collision,northeast,97,39.1,0,Friday,12,50
2023-12-15,auto_liability,midwest,17,66.8,0,Friday,12,50
2023-12-15,property_damage,south,118,50.7,0,Friday,12,50
2023-12-15,weather_event,northeast,11,71.0,0,Friday,12,50
2023-12-16,auto_collision,west,51,45.0,1,Saturday,12,50
2023-12-16,auto_liability,midwest,304,64.6,1,Saturday,12,50
2023-12-16,property_damage,west,17,60.1,1,Saturday,12,50
2023-12-16,weather_event,west,46,90.0,1,Saturday,12,50
2023-12-17,auto_collision,northeast,39,44.6,0,Sunday,12,50
2023-12-17,auto_liability,west,27,60.5,0,Sunday,12,50
2023-12-17,property_damage,midwest,36,56.5,0,Sunday,12,50
2023-12-17,weather_event,northeast,23,77.0,0,Sunday,12,50
2023-12-18,auto_collision,west,167,43.1,0,Monday,12,51
2023-12-18,auto_liability,northeast,62,63.2,0,Monday,12,51
2023-12-18,property_damage,midwest,34,57.8,0,Monday,12,51
2023-12-18,weather_event,northeast,4,68.8,0,Monday,12,51
2023-12-19,auto_collision,northeast,191,38.2,1,Tuesday,12,51
2023-12-19,auto_liability,west,188,49.2,1,Tuesday,12,51
2023-12-19,property_damage,south,224,55.4,1,Tuesday,12,51
2023-12-19,weather_event,south,57,84.9,1,Tuesday,12,51
2023-12-20,auto_collision,northeast,115,48.1,0,Wednesday,12,51
2023-12-20,auto_liability,northeast,26,61.6,0,Wednesday,12,51
2023-12-20,property_damage,south,52,50.8,0,Wednesday,12,51
2023-12-20,weather_event,northeast,52,86.9,0,Wednesday,12,51
2023-12-21,auto_collision,south,57,43.9,0,Thursday,12,51
2023-12-21,auto_liability,west,138,67.2,0,Thursday,12,51
2023-12-21,property_damage,south,7,53.9,0,Thursday,12,51
2023-12-21,weather_event,midwest,30,72.9,0,Thursday,12,51
2023-12-22,auto_collision,northeast,95,45.8,0,Friday,12,51
2023-12-22,auto_liability,south,34,60.1,0,Friday,12,51
2023-12-22,property_damage,west,30,51.8,0,Friday,12,51
2023-12-22,weather_event,northeast,78,65.9,0,Friday,12,51
2023-12-23,auto_collision,northeast,33,40.9,0,Saturday,12,51
2023-12-23,auto_liability,midwest,81,46.2,0,Saturday,12,51
2023-12-23,property_damage,midwest,20,50.5,0,Saturday,12,51
2023-12-23,weather_event,south,11,67.6,0,Saturday,12,51
2023-12-24,auto_collision,northeast,55,44.5,0,Sunday,12,51
2023-12-24,auto_liability,midwest,26,61.2,0,Sunday,12,51
2023-12-24,property_damage,northeast,19,58.1,0,Sunday,12,51
2023-12-24,weather_event,south,11,72.9,0,Sunday,12,51
2023-12-25,auto_collision,northeast,66,39.4,0,Monday,12,52
2023-12-25,auto_liability,west,17,52.1,0,Monday,12,52
2023-12-25,property_damage,south,31,51.8,0,Monday,12,52
2023-12-25,weather_event,midwest,5,79.1,0,Monday,12,52
2023-12-26,auto_collision,northeast,72,36.2,0,Tuesday,12,52
2023-12-26,auto_liability,west,101,56.2,0,Tuesday,12,52
2023-12-26,property_damage,west,44,60.5,0,Tuesday,12,52
2023-12-26,weather_event,south,23,73.3,0,Tuesday,12,52
2023-12-27,auto_collision,west,112,46.2,0,Wednesday,12,52
2023-12-27,auto_liability,midwest,70,69.5,0,Wednesday,12,52
2023-12-27,property_damage,south,33,52.7,0,Wednesday,12,52
2023-12-27,weather_event,midwest,11,76.7,0,Wednesday,12,52
2023-12-28,auto_collision,northeast,84,56.8,0,Thursday,12,52
2023-12-28,auto_liability,south,6,55.8,0,Thursday,12,52
2023-12-28,property_damage,midwest,137,50.5,0,Thursday,12,52
2023-12-28,weather_event,west,29,72.3,0,Thursday,12,52
2023-12-29,auto_collision,west,115,48.2,0,Friday,12,52
2023-12-29,auto_liability,west,54,63.0,0,Friday,12,52
2023-12-29,property_damage,south,67,58.5,0,Friday,12,52
2023-12-29,weather_event,midwest,10,77.9,0,Friday,12,52
2023-12-30,auto_collision,midwest,71,48.9,0,Saturday,12,52
2023-12-30,auto_liability,midwest,53,60.6,0,Saturday,12,52
2023-12-30,property_damage,west,36,51.7,0,Saturday,12,52
2023-12-30,weather_event,midwest,2,61.3,0,Saturday,12,52
2023-12-31,auto_collision,northeast,59,48.7,0,Sunday,12,52
2023-12-31,auto_liability,northeast,26,46.5,0,Sunday,12,52
2023-12-31,property_damage,south,59,48.8,0,Sunday,12,52
2023-12-31,weather_event,northeast,7,71.3,0,Sunday,12,52
2024-01-01,auto_collision,northeast,31,37.3,0,Monday,1,1
2024-01-01,auto_liability,south,47,66.3,0,Monday,1,1
2024-01-01,property_damage,northeast,14,58.4,0,Monday,1,1
2024-01-01,weather_event,south,3,77.7,0,Monday,1,1
2024-01-02,auto_collision,south,99,42.2,0,Tuesday,1,1
2024-01-02,auto_liability,west,74,60.5,0,Tuesday,1,1
2024-01-02,property_damage,south,64,51.5,0,Tuesday,1,1
2024-01-02,weather_event,south,28,77.2,0,Tuesday,1,1
2024-01-03,auto_collision,midwest,59,37.7,0,Wednesday,1,1
2024-01-03,auto_liability,south,92,62.6,0,Wednesday,1,1
2024-01-03,property_damage,south,44,51.1,0,Wednesday,1,1
2024-01-03,weather_event,northeast,27,57.7,0,Wednesday,1,1
2024-01-04,auto_collision,midwest,92,39.7,0,Thursday,1,1
2024-01-04,auto_liability,west,70,50.5,0,Thursday,1,1
2024-01-04,property_damage,south,57,55.6,0,Thursday,1,1
2024-01-04,weather_event,midwest,23,71.1,0,Thursday,1,1
2024-01-05,auto_collision,south,77,40.9,0,Friday,1,1
2024-01-05,auto_liability,northeast,155,59.0,0,Friday,1,1
2024-01-05,property_damage,midwest,34,53.6,0,Friday,1,1
2024-01-05,weather_event,west,2,78.3,0,Friday,1,1
2024-01-06,auto_collision,northeast,55,48.6,0,Saturday,1,1
2024-01-06,auto_liability,south,50,56.4,0,Saturday,1,1
2024-01-06,property_damage,south,84,57.0,0,Saturday,1,1
2024-01-06,weather_event,south,24,70.3,0,Saturday,1,1
2024-01-07,auto_collision,northeast,21,42.2,0,Sunday,1,1
2024-01-07,auto_liability,northeast,29,63.2,0,Sunday,1,1
2024-01-07,property_damage,west,58,44.5,0,Sunday,1,1
2024-01-07,weather_event,west,12,77.8,0,Sunday,1,1
2024-01-08,auto_collision,west,206,39.1,1,Monday,1,2
2024-01-08,auto_liability,west,441,54.7,1,Monday,1,2
2024-01-08,property_damage,northeast,17,55.2,1,Monday,1,2
2024-01-08,weather_event,west,39,75.0,1,Monday,1,2
2024-01-09,auto_collision,northeast,114,52.0,0,Tuesday,1,2
2024-01-09,auto_liability,midwest,41,64.0,0,Tuesday,1,2
2024-01-09,property_damage,northeast,57,58.5,0,Tuesday,1,2
2024-01-09,weather_event,south,34,76.3,0,Tuesday,1,2
2024-01-10,auto_collision,west,103,45.4,0,Wednesday,1,2
2024-01-10,auto_liability,northeast,91,72.5,0,Wednesday,1,2
2024-01-10,property_damage,west,52,50.0,0,Wednesday,1,2
2024-01-10,weather_event,west,4,68.2,0,Wednesday,1,2
2024-01-11,auto_collision,south,70,41.2,0,Thursday,1,2
2024-01-11,auto_liability,west,60,61.0,0,Thursday,1,2
2024-01-11,property_damage,west,77,52.4,0,Thursday,1,2
2024-01-11,weather_event,west,14,75.7,0,Thursday,1,2
2024-01-12,auto_collision,west,87,47.8,0,Friday,1,2
2024-01-12,auto_liability,west,62,57.3,0,Friday,1,2
2024-01-12,property_damage,south,40,59.9,0,Friday,1,2
2024-01-12,weather_event,midwest,89,72.5,0,Friday,1,2
2024-01-13,auto_collision,midwest,80,41.8,0,Saturday,1,2
2024-01-13,auto_liability,west,59,57.0,0,Saturday,1,2
2024-01-13,property_damage,south,60,52.6,0,Saturday,1,2
2024-01-13,weather_event,west,14,73.5,0,Saturday,1,2
2024-01-14,auto_collision,west,23,40.5,0,Sunday,1,2
2024-01-14,auto_liability,northeast,46,63.2,0,Sunday,1,2
2024-01-14,property_damage,northeast,42,59.5,0,Sunday,1,2
2024-01-14,weather_event,west,7,77.8,0,Sunday,1,2
2024-01-15,auto_collision,south,51,53.6,0,Monday,1,3
2024-01-15,auto_liability,west,52,46.3,0,Monday,1,3
2024-01-15,property_damage,midwest,102,43.9,0,Monday,1,3
2024-01-15,weather_event,south,61,56.3,0,Monday,1,3
2024-01-16,auto_collision,west,153,45.8,0,Tuesday,1,3
2024-01-16,auto_liability,midwest,39,68.8,0,Tuesday,1,3
2024-01-16,property_damage,south,49,51.7,0,Tuesday,1,3
2024-01-16,weather_event,northeast,10,72.4,0,Tuesday,1,3
2024-01-17,auto_collision,west,119,43.2,0,Wednesday,1,3
2024-01-17,auto_liability,midwest,45,67.9,0,Wednesday,1,3
2024-01-17,property_damage,south,75,39.7,0,Wednesday,1,3
2024-01-17,weather_event,midwest,10,77.4,0,Wednesday,1,3
2024-01-18,auto_collision,south,159,43.8,0,Thursday,1,3
2024-01-18,auto_liability,midwest,43,64.7,0,Thursday,1,3
2024-01-18,property_damage,south,21,57.9,0,Thursday,1,3
2024-01-18,weather_event,northeast,16,59.4,0,Thursday,1,3
2024-01-19,auto_collision,west,143,45.1,0,Friday,1,3
2024-01-19,auto_liability,midwest,86,54.2,0,Friday,1,3
2024-01-19,property_damage,midwest,37,56.7,0,Friday,1,3
2024-01-19,weather_event,west,34,76.7,0,Friday,1,3
2024-01-20,auto_collision,south,41,42.0,0,Saturday,1,3
2024-01-20,auto_liability,west,102,75.1,0,Saturday,1,3
2024-01-20,property_damage,west,39,66.7,0,Saturday,1,3
2024-01-20,weather_event,west,0,76.1,0,Saturday,1,3
2024-01-21,auto_collision,west,58,45.6,0,Sunday,1,3
2024-01-21,auto_liability,west,42,63.6,0,Sunday,1,3
2024-01-21,property_damage,midwest,8,50.1,0,Sunday,1,3
2024-01-21,weather_event,northeast,23,74.5,0,Sunday,1,3
2024-01-22,auto_collision,south,108,44.6,0,Monday,1,4
2024-01-22,auto_liability,northeast,45,62.0,0,Monday,1,4
2024-01-22,property_damage,south,87,56.9,0,Monday,1,4
2024-01-22,weather_event,midwest,38,80.8,0,Monday,1,4
2024-01-23,auto_collision,south,101,52.3,0,Tuesday,1,4
2024-01-23,auto_liability,midwest,19,67.2,0,Tuesday,1,4
2024-01-23,property_damage,midwest,77,58.0,0,Tuesday,1,4
2024-01-23,weather_event,midwest,38,70.2,0,Tuesday,1,4
2024-01-24,auto_collision,west,55,35.6,0,Wednesday,1,4
2024-01-24,auto_liability,midwest,86,62.6,0,Wednesday,1,4
2024-01-24,property_damage,midwest,73,56.7,0,Wednesday,1,4
2024-01-24,weather_event,midwest,29,72.2,0,Wednesday,1,4
2024-01-25,auto_collision,northeast,44,31.7,0,Thursday,1,4
2024-01-25,auto_liability,midwest,32,58.4,0,Thursday,1,4
2024-01-25,property_damage,midwest,74,55.1,0,Thursday,1,4
2024-01-25,weather_event,west,68,78.3,0,Thursday,1,4
2024-01-26,auto_collision,midwest,61,45.2,0,Friday,1,4
2024-01-26,auto_liability,northeast,159,58.1,0,Friday,1,4
2024-01-26,property_damage,west,71,59.3,0,Friday,1,4
2024-01-26,weather_event,west,9,84.9,0,Friday,1,4
2024-01-27,auto_collision,midwest,51,46.9,0,Saturday,1,4
2024-01-27,auto_liability,west,26,59.3,0,Saturday,1,4
2024-01-27,property_damage,midwest,46,47.7,0,Saturday,1,4
2024-01-27,weather_event,south,34,72.4,0,Saturday,1,4
2024-01-28,auto_collision,midwest,68,48.6,0,Sunday,1,4
2024-01-28,auto_liability,south,40,59.1,0,Sunday,1,4
2024-01-28,property_damage,northeast,45,53.5,0,Sunday,1,4
2024-01-28,weather_event,south,7,75.6,0,Sunday,1,4
2024-01-29,auto_collision,west,121,43.6,0,Monday,1,5
2024-01-29,auto_liability,midwest,94,53.5,0,Monday,1,5
2024-01-29,property_damage,south,52,61.7,0,Monday,1,5
2024-01-29,weather_event,northeast,11,80.9,0,Monday,1,5
2024-01-30,auto_collision,midwest,103,42.4,0,Tuesday,1,5
2024-01-30,auto_liability,south,35,61.5,0,Tuesday,1,5
2024-01-30,property_damage,midwest,88,55.9,0,Tuesday,1,5
2024-01-30,weather_event,west,41,76.9,0,Tuesday,1,5
2024-01-31,auto_collision,south,59,54.7,0,Wednesday,1,5
2024-01-31,auto_liability,northeast,30,62.1,0,Wednesday,1,5
2024-01-31,property_damage,south,136,47.1,0,Wednesday,1,5
2024-01-31,weather_event,south,0,78.6,0,Wednesday,1,5
2024-02-01,auto_collision,midwest,186,47.5,1,Thursday,2,5
2024-02-01,auto_liability,west,361,61.1,1,Thursday,2,5
2024-02-01,property_damage,midwest,38,54.0,1,Thursday,2,5
2024-02-01,weather_event,west,104,78.4,1,Thursday,2,5
2024-02-02,auto_collision,midwest,109,44.6,0,Friday,2,5
2024-02-02,auto_liability,midwest,64,69.5,0,Friday,2,5
2024-02-02,property_damage,west,58,57.7,0,Friday,2,5
2024-02-02,weather_event,midwest,46,85.3,0,Friday,2,5
2024-02-03,auto_collision,northeast,65,42.8,0,Saturday,2,5
2024-02-03,auto_liability,northeast,80,54.6,0,Saturday,2,5
2024-02-03,property_damage,northeast,42,49.9,0,Saturday,2,5
2024-02-03,weather_event,west,3,64.7,0,Saturday,2,5
2024-02-04,auto_collision,west,69,48.1,0,Sunday,2,5
2024-02-04,auto_liability,northeast,22,51.5,0,Sunday,2,5
2024-02-04,property_damage,south,29,49.4,0,Sunday,2,5
2024-02-04,weather_event,south,11,73.7,0,Sunday,2,5
2024-02-05,auto_collision,midwest,111,36.3,0,Monday,2,6
2024-02-05,auto_liability,west,88,62.2,0,Monday,2,6
2024-02-05,property_damage,west,32,48.2,0,Monday,2,6
2024-02-05,weather_event,west,69,75.3,0,Monday,2,6
2024-02-06,auto_collision,west,144,40.3,0,Tuesday,2,6
2024-02-06,auto_liability,west,35,61.0,0,Tuesday,2,6
2024-02-06,property_damage,midwest,82,57.9,0,Tuesday,2,6
2024-02-06,weather_event,south,17,77.4,0,Tuesday,2,6
2024-02-07,auto_collision,south,149,52.2,0,Wednesday,2,6
2024-02-07,auto_liability,midwest,84,71.4,0,Wednesday,2,6
2024-02-07,property_damage,west,19,61.2,0,Wednesday,2,6
2024-02-07,weather_event,south,20,69.6,0,Wednesday,2,6
2024-02-08,auto_collision,south,65,45.6,0,Thursday,2,6
2024-02-08,auto_liability,west,81,54.3,0,Thursday,2,6
2024-02-08,property_damage,midwest,102,56.0,0,Thursday,2,6
2024-02-08,weather_event,west,8,69.6,0,Thursday,2,6
2024-02-09,auto_collision,northeast,125,43.2,0,Friday,2,6
2024-02-09,auto_liability,midwest,94,65.2,0,Friday,2,6
2024-02-09,property_damage,west,28,58.5,0,Friday,2,6
2024-02-09,weather_event,west,56,65.9,0,Friday,2,6
2024-02-10,auto_collision,west,121,47.5,0,Saturday,2,6
2024-02-10,auto_liability,northeast,31,55.0,0,Saturday,2,6
2024-02-10,property_damage,west,36,53.2,0,Saturday,2,6
2024-02-10,weather_event,northeast,5,70.6,0,Saturday,2,6
2024-02-11,auto_collision,west,38,48.8,0,Sunday,2,6
2024-02-11,auto_liability,northeast,48,56.7,0,Sunday,2,6
2024-02-11,property_damage,south,39,59.9,0,Sunday,2,6
2024-02-11,weather_event,south,17,70.5,0,Sunday,2,6
2024-02-12,auto_collision,south,111,46.7,0,Monday,2,7
2024-02-12,auto_liability,northeast,102,61.7,0,Monday,2,7
2024-02-12,property_damage,midwest,54,50.5,0,Monday,2,7
2024-02-12,weather_event,south,33,70.6,0,Monday,2,7
2024-02-13,auto_collision,northeast,42,51.4,0,Tuesday,2,7
2024-02-13,auto_liability,midwest,89,58.2,0,Tuesday,2,7
2024-02-13,property_damage,south,93,53.1,0,Tuesday,2,7
2024-02-13,weather_event,west,59,66.6,0,Tuesday,2,7
2024-02-14,auto_collision,northeast,86,45.6,0,Wednesday,2,7
2024-02-14,auto_liability,south,82,65.7,0,Wednesday,2,7
2024-02-14,property_damage,west,59,50.2,0,Wednesday,2,7
2024-02-14,weather_event,midwest,36,69.4,0,Wednesday,2,7
2024-02-15,auto_collision,south,133,47.6,0,Thursday,2,7
2024-02-15,auto_liability,west,21,66.5,0,Thursday,2,7
2024-02-15,property_damage,west,50,62.1,0,Thursday,2,7
2024-02-15,weather_event,midwest,69,75.6,0,Thursday,2,7
2024-02-16,auto_collision,south,9,46.5,0,Friday,2,7
2024-02-16,auto_liability,midwest,67,55.4,0,Friday,2,7
2024-02-16,property_damage,midwest,144,53.4,0,Friday,2,7
2024-02-16,weather_event,west,76,88.6,0,Friday,2,7
2024-02-17,auto_collision,south,83,41.9,0,Saturday,2,7
2024-02-17,auto_liability,northeast,43,65.2,0,Saturday,2,7
2024-02-17,property_damage,midwest,68,60.8,0,Saturday,2,7
2024-02-17,weather_event,west,15,61.8,0,Saturday,2,7
2024-02-18,auto_collision,midwest,55,51.5,0,Sunday,2,7
2024-02-18,auto_liability,northeast,15,73.4,0,Sunday,2,7
2024-02-18,property_damage,northeast,27,59.2,0,Sunday,2,7
2024-02-18,weather_event,northeast,44,90.3,0,Sunday,2,7
2024-02-19,auto_collision,midwest,62,42.2,0,Monday,2,8
2024-02-19,auto_liability,northeast,72,57.6,0,Monday,2,8
2024-02-19,property_damage,midwest,138,57.7,0,Monday,2,8
2024-02-19,weather_event,midwest,1,71.6,0,Monday,2,8
2024-02-20,auto_collision,midwest,89,41.1,0,Tuesday,2,8
2024-02-20,auto_liability,midwest,136,52.1,0,Tuesday,2,8
2024-02-20,property_damage,northeast,31,53.4,0,Tuesday,2,8
2024-02-20,weather_event,west,49,68.9,0,Tuesday,2,8
2024-02-21,auto_collision,midwest,158,41.4,0,Wednesday,2,8
2024-02-21,auto_liability,midwest,68,70.3,0,Wednesday,2,8
2024-02-21,property_damage,midwest,28,53.7,0,Wednesday,2,8
2024-02-21,weather_event,west,0,73.7,0,Wednesday,2,8
2024-02-22,auto_collision,south,108,43.1,0,Thursday,2,8
2024-02-22,auto_liability,south,35,60.2,0,Thursday,2,8
2024-02-22,property_damage,northeast,110,61.4,0,Thursday,2,8
2024-02-22,weather_event,midwest,32,84.1,0,Thursday,2,8
2024-02-23,auto_collision,west,180,42.1,0,Friday,2,8
2024-02-23,auto_liability,northeast,21,68.2,0,Friday,2,8
2024-02-23,property_damage,midwest,56,60.7,0,Friday,2,8
2024-02-23,weather_event,midwest,78,75.7,0,Friday,2,8
2024-02-24,auto_collision,midwest,119,41.8,0,Saturday,2,8
2024-02-24,auto_liability,west,40,63.2,0,Saturday,2,8
2024-02-24,property_damage,west,18,60.9,0,Saturday,2,8
2024-02-24,weather_event,midwest,28,87.3,0,Saturday,2,8
2024-02-25,auto_collision,northeast,84,48.0,0,Sunday,2,8
2024-02-25,auto_liability,south,35,56.1,0,Sunday,2,8
2024-02-25,property_damage,south,8,50.0,0,Sunday,2,8
2024-02-25,weather_event,south,13,71.5,0,Sunday,2,8
2024-02-26,auto_collision,south,185,44.3,0,Monday,2,9
2024-02-26,auto_liability,northeast,51,71.2,0,Monday,2,9
2024-02-26,property_damage,midwest,52,64.6,0,Monday,2,9
2024-02-26,weather_event,south,13,75.1,0,Monday,2,9
2024-02-27,auto_collision,midwest,115,40.9,0,Tuesday,2,9
2024-02-27,auto_liability,south,56,53.2,0,Tuesday,2,9
2024-02-27,property_damage,west,105,55.2,0,Tuesday,2,9
2024-02-27,weather_event,west,26,83.5,0,Tuesday,2,9
2024-02-28,auto_collision,west,168,41.5,0,Wednesday,2,9
2024-02-28,auto_liability,northeast,91,58.6,0,Wednesday,2,9
2024-02-28,property_damage,west,27,62.2,0,Wednesday,2,9
2024-02-28,weather_event,west,21,84.3,0,Wednesday,2,9
2024-02-29,auto_collision,northeast,156,48.6,0,Thursday,2,9
2024-02-29,auto_liability,midwest,113,60.1,0,Thursday,2,9
2024-02-29,property_damage,south,24,53.8,0,Thursday,2,9
2024-02-29,weather_event,northeast,13,75.6,0,Thursday,2,9
2024-03-01,auto_collision,midwest,112,40.7,0,Friday,3,9
2024-03-01,auto_liability,west,91,62.3,0,Friday,3,9
2024-03-01,property_damage,west,28,53.8,0,Friday,3,9
2024-03-01,weather_event,midwest,76,70.6,0,Friday,3,9
2024-03-02,auto_collision,south,80,49.6,0,Saturday,3,9
2024-03-02,auto_liability,south,90,52.7,0,Saturday,3,9
2024-03-02,property_damage,south,40,60.5,0,Saturday,3,9
2024-03-02,weather_event,west,3,87.5,0,Saturday,3,9
2024-03-03,auto_collision,midwest,24,45.4,0,Sunday,3,9
2024-03-03,auto_liability,northeast,21,50.4,0,Sunday,3,9
2024-03-03,property_damage,south,70,61.2,0,Sunday,3,9
2024-03-03,weather_event,midwest,9,73.4,0,Sunday,3,9
2024-03-04,auto_collision,south,164,43.6,0,Monday,3,10
2024-03-04,auto_liability,midwest,24,58.3,0,Monday,3,10
2024-03-04,property_damage,west,93,55.5,0,Monday,3,10
2024-03-04,weather_event,northeast,55,67.8,0,Monday,3,10
2024-03-05,auto_collision,northeast,68,47.8,0,Tuesday,3,10
2024-03-05,auto_liability,west,35,60.2,0,Tuesday,3,10
2024-03-05,property_damage,west,95,56.8,0,Tuesday,3,10
2024-03-05,weather_event,northeast,127,81.8,0,Tuesday,3,10
2024-03-06,auto_collision,midwest,109,41.4,0,Wednesday,3,10
2024-03-06,auto_liability,west,47,64.8,0,Wednesday,3,10
2024-03-06,property_damage,south,97,58.6,0,Wednesday,3,10
2024-03-06,weather_event,west,22,64.2,0,Wednesday,3,10
2024-03-07,auto_collision,midwest,129,40.2,0,Thursday,3,10
2024-03-07,auto_liability,south,77,65.3,0,Thursday,3,10
2024-03-07,property_damage,midwest,104,47.4,0,Thursday,3,10
2024-03-07,weather_event,northeast,4,73.2,0,Thursday,3,10
2024-03-08,auto_collision,south,156,44.9,0,Friday,3,10
2024-03-08,auto_liability,west,138,62.5,0,Friday,3,10
2024-03-08,property_damage,northeast,21,66.2,0,Friday,3,10
2024-03-08,weather_event,midwest,42,74.6,0,Friday,3,10
2024-03-09,auto_collision,west,151,46.7,1,Saturday,3,10
2024-03-09,auto_liability,west,174,68.4,1,Saturday,3,10
2024-03-09,property_damage,northeast,130,45.9,1,Saturday,3,10
2024-03-09,weather_event,northeast,37,79.7,1,Saturday,3,10
2024-03-10,auto_collision,west,35,45.5,0,Sunday,3,10
2024-03-10,auto_liability,south,50,67.3,0,Sunday,3,10
2024-03-10,property_damage,west,37,55.4,0,Sunday,3,10
2024-03-10,weather_event,south,23,61.3,0,Sunday,3,10
2024-03-11,auto_collision,midwest,135,41.5,0,Monday,3,11
2024-03-11,auto_liability,northeast,26,61.7,0,Monday,3,11
2024-03-11,property_damage,midwest,139,60.6,0,Monday,3,11
2024-03-11,weather_event,northeast,56,78.2,0,Monday,3,11
2024-03-12,auto_collision,northeast,137,42.8,0,Tuesday,3,11
2024-03-12,auto_liability,northeast,41,58.1,0,Tuesday,3,11
2024-03-12,property_damage,south,133,54.1,0,Tuesday,3,11
2024-03-12,weather_event,midwest,38,71.1,0,Tuesday,3,11
2024-03-13,auto_collision,south,80,48.0,0,Wednesday,3,11
2024-03-13,auto_liability,south,73,62.1,0,Wednesday,3,11
2024-03-13,property_damage,midwest,55,57.3,0,Wednesday,3,11
2024-03-13,weather_event,west,64,87.2,0,Wednesday,3,11
2024-03-14,auto_collision,northeast,138,40.9,0,Thursday,3,11
2024-03-14,auto_liability,midwest,23,65.0,0,Thursday,3,11
2024-03-14,property_damage,south,115,46.6,0,Thursday,3,11
2024-03-14,weather_event,midwest,13,68.3,0,Thursday,3,11
2024-03-15,auto_collision,northeast,153,47.3,0,Friday,3,11
2024-03-15,auto_liability,northeast,74,57.2,0,Friday,3,11
2024-03-15,property_damage,west,85,57.8,0,Friday,3,11
2024-03-15,weather_event,west,38,79.1,0,Friday,3,11
2024-03-16,auto_collision,south,62,45.2,0,Saturday,3,11
2024-03-16,auto_liability,northeast,78,65.5,0,Saturday,3,11
2024-03-16,property_damage,midwest,38,61.4,0,Saturday,3,11
2024-03-16,weather_event,south,53,76.3,0,Saturday,3,11
2024-03-17,auto_collision,northeast,43,48.8,0,Sunday,3,11
2024-03-17,auto_liability,west,34,60.2,0,Sunday,3,11
2024-03-17,property_damage,midwest,60,45.3,0,Sunday,3,11
2024-03-17,weather_event,west,19,84.2,0,Sunday,3,11
2024-03-18,auto_collision,midwest,37,40.0,0,Monday,3,12
2024-03-18,auto_liability,northeast,168,65.1,0,Monday,3,12
2024-03-18,property_damage,west,74,52.1,0,Monday,3,12
2024-03-18,weather_event,midwest,27,74.3,0,Monday,3,12
2024-03-19,auto_collision,west,171,42.7,0,Tuesday,3,12
2024-03-19,auto_liability,midwest,48,65.0,0,Tuesday,3,12
2024-03-19,property_damage,west,39,60.3,0,Tuesday,3,12
2024-03-19,weather_event,south,87,70.9,0,Tuesday,3,12
2024-03-20,auto_collision,midwest,97,35.1,0,Wednesday,3,12
2024-03-20,auto_liability,midwest,86,59.8,0,Wednesday,3,12
2024-03-20,property_damage,northeast,173,54.8,0,Wednesday,3,12
2024-03-20,weather_event,south,4,79.4,0,Wednesday,3,12
2024-03-21,auto_collision,west,66,45.7,0,Thursday,3,12
2024-03-21,auto_liability,south,63,62.9,0,Thursday,3,12
2024-03-21,property_damage,south,160,48.0,0,Thursday,3,12
2024-03-21,weather_event,northeast,18,78.0,0,Thursday,3,12
2024-03-22,auto_collision,midwest,120,53.6,0,Friday,3,12
2024-03-22,auto_liability,midwest,132,64.9,0,Friday,3,12
2024-03-22,property_damage,south,108,55.5,0,Friday,3,12
2024-03-22,weather_event,south,0,71.4,0,Friday,3,12
2024-03-23,auto_collision,northeast,66,49.5,0,Saturday,3,12
2024-03-23,auto_liability,south,89,64.6,0,Saturday,3,12
2024-03-23,property_damage,midwest,36,53.2,0,Saturday,3,12
2024-03-23,weather_event,northeast,14,75.9,0,Saturday,3,12
2024-03-24,auto_collision,south,64,49.1,0,Sunday,3,12
2024-03-24,auto_liability,northeast,63,54.8,0,Sunday,3,12
2024-03-24,property_damage,midwest,25,55.4,0,Sunday,3,12
2024-03-24,weather_event,northeast,21,80.8,0,Sunday,3,12
2024-03-25,auto_collision,midwest,201,43.1,0,Monday,3,13
2024-03-25,auto_liability,northeast,37,58.7,0,Monday,3,13
2024-03-25,property_damage,south,57,60.2,0,Monday,3,13
2024-03-25,weather_event,south,66,81.6,0,Monday,3,13
2024-03-26,auto_collision,west,152,40.3,0,Tuesday,3,13
2024-03-26,auto_liability,south,41,49.7,0,Tuesday,3,13
2024-03-26,property_damage,northeast,117,55.5,0,Tuesday,3,13
2024-03-26,weather_event,midwest,28,80.6,0,Tuesday,3,13
2024-03-27,auto_collision,midwest,168,43.3,0,Wednesday,3,13
2024-03-27,auto_liability,south,31,53.8,0,Wednesday,3,13
2024-03-27,property_damage,northeast,107,55.0,0,Wednesday,3,13
2024-03-27,weather_event,northeast,17,81.4,0,Wednesday,3,13
2024-03-28,auto_collision,northeast,135,36.1,0,Thursday,3,13
2024-03-28,auto_liability,northeast,129,59.8,0,Thursday,3,13
2024-03-28,property_damage,south,81,63.7,0,Thursday,3,13
2024-03-28,weather_event,midwest,11,57.6,0,Thursday,3,13
2024-03-29,auto_collision,west,88,38.6,0,Friday,3,13
2024-03-29,auto_liability,northeast,151,52.6,0,Friday,3,13
2024-03-29,property_damage,west,130,50.8,0,Friday,3,13
2024-03-29,weather_event,midwest,5,86.1,0,Friday,3,13
2024-03-30,auto_collision,south,88,38.2,0,Saturday,3,13
2024-03-30,auto_liability,midwest,29,65.2,0,Saturday,3,13
2024-03-30,property_damage,northeast,78,61.5,0,Saturday,3,13
2024-03-30,weather_event,midwest,35,79.2,0,Saturday,3,13
2024-03-31,auto_collision,west,80,48.5,0,Sunday,3,13
2024-03-31,auto_liability,west,66,51.3,0,Sunday,3,13
2024-03-31,property_damage,south,11,65.2,0,Sunday,3,13
2024-03-31,weather_event,northeast,7,77.9,0,Sunday,3,13
2024-04-01,auto_collision,south,171,48.0,0,Monday,4,14
2024-04-01,auto_liability,northeast,189,51.8,0,Monday,4,14
2024-04-01,property_damage,west,41,58.3,0,Monday,4,14
2024-04-01,weather_event,midwest,9,78.6,0,Monday,4,14
2024-04-02,auto_collision,west,244,44.2,0,Tuesday,4,14
2024-04-02,auto_liability,midwest,82,59.5,0,Tuesday,4,14
2024-04-02,property_damage,south,16,62.1,0,Tuesday,4,14
2024-04-02,weather_event,northeast,36,55.0,0,Tuesday,4,14
2024-04-03,auto_collision,northeast,164,44.8,0,Wednesday,4,14
2024-04-03,auto_liability,west,15,56.2,0,Wednesday,4,14
2024-04-03,property_damage,northeast,124,47.9,0,Wednesday,4,14
2024-04-03,weather_event,west,24,59.6,0,Wednesday,4,14
2024-04-04,auto_collision,south,204,51.1,0,Thursday,4,14
2024-04-04,auto_liability,midwest,58,65.7,0,Thursday,4,14
2024-04-04,property_damage,midwest,63,58.5,0,Thursday,4,14
2024-04-04,weather_event,northeast,10,77.9,0,Thursday,4,14
2024-04-05,auto_collision,midwest,68,43.9,0,Friday,4,14
2024-04-05,auto_liability,northeast,74,61.5,0,Friday,4,14
2024-04-05,property_damage,northeast,228,61.6,0,Friday,4,14
2024-04-05,weather_event,west,13,79.6,0,Friday,4,14
2024-04-06,auto_collision,midwest,92,49.0,0,Saturday,4,14
2024-04-06,auto_liability,northeast,79,58.0,0,Saturday,4,14
2024-04-06,property_damage,midwest,41,58.3,0,Saturday,4,14
2024-04-06,weather_event,northeast,34,75.6,0,Saturday,4,14
2024-04-07,auto_collision,midwest,15,50.4,0,Sunday,4,14
2024-04-07,auto_liability,midwest,72,62.4,0,Sunday,4,14
2024-04-07,property_damage,west,64,58.0,0,Sunday,4,14
2024-04-07,weather_event,northeast,7,69.4,0,Sunday,4,14
2024-04-08,auto_collision,northeast,183,47.8,0,Monday,4,15
2024-04-08,auto_liability,south,120,67.0,0,Monday,4,15
2024-04-08,property_damage,northeast,76,69.7,0,Monday,4,15
2024-04-08,weather_event,midwest,59,75.9,0,Monday,4,15
2024-04-09,auto_collision,northeast,139,43.8,0,Tuesday,4,15
2024-04-09,auto_liability,midwest,131,50.0,0,Tuesday,4,15
2024-04-09,property_damage,west,32,62.0,0,Tuesday,4,15
2024-04-09,weather_event,northeast,67,79.1,0,Tuesday,4,15
2024-04-10,auto_collision,midwest,93,45.5,0,Wednesday,4,15
2024-04-10,auto_liability,midwest,160,53.8,0,Wednesday,4,15
2024-04-10,property_damage,midwest,88,60.2,0,Wednesday,4,15
2024-04-10,weather_event,west,0,75.5,0,Wednesday,4,15
2024-04-11,auto_collision,midwest,114,49.0,0,Thursday,4,15
2024-04-11,auto_liability,south,175,66.4,0,Thursday,4,15
2024-04-11,property_damage,midwest,31,44.6,0,Thursday,4,15
2024-04-11,weather_event,northeast,53,68.4,0,Thursday,4,15
2024-04-12,auto_collision,northeast,12,42.2,0,Friday,4,15
2024-04-12,auto_liability,midwest,98,55.5,0,Friday,4,15
2024-04-12,property_damage,midwest,282,55.2,0,Friday,4,15
2024-04-12,weather_event,west,8,91.6,0,Friday,4,15
2024-04-13,auto_collision,midwest,282,39.8,1,Saturday,4,15
2024-04-13,auto_liability,midwest,64,70.8,1,Saturday,4,15
2024-04-13,property_damage,south,157,51.3,1,Saturday,4,15
2024-04-13,weather_event,west,89,86.5,1,Saturday,4,15
2024-04-14,auto_collision,northeast,64,48.2,0,Sunday,4,15
2024-04-14,auto_liability,west,92,68.3,0,Sunday,4,15
2024-04-14,property_damage,northeast,33,55.3,0,Sunday,4,15
2024-04-14,weather_event,south,0,72.8,0,Sunday,4,15
2024-04-15,auto_collision,south,231,39.5,0,Monday,4,16
2024-04-15,auto_liability,west,108,58.8,0,Monday,4,16
2024-04-15,property_damage,northeast,50,64.6,0,Monday,4,16
2024-04-15,weather_event,south,35,71.8,0,Monday,4,16
2024-04-16,auto_collision,midwest,243,38.0,0,Tuesday,4,16
2024-04-16,auto_liability,midwest,51,56.8,0,Tuesday,4,16
2024-04-16,property_damage,northeast,14,50.4,0,Tuesday,4,16
2024-04-16,weather_event,south,76,74.0,0,Tuesday,4,16
2024-04-17,auto_collision,midwest,144,48.3,0,Wednesday,4,16
2024-04-17,auto_liability,northeast,27,71.7,0,Wednesday,4,16
2024-04-17,property_damage,northeast,84,50.6,0,Wednesday,4,16
2024-04-17,weather_event,west,77,81.5,0,Wednesday,4,16
2024-04-18,auto_collision,south,127,43.9,0,Thursday,4,16
2024-04-18,auto_liability,south,163,55.3,0,Thursday,4,16
2024-04-18,property_damage,west,23,51.4,0,Thursday,4,16
2024-04-18,weather_event,south,23,72.8,0,Thursday,4,16
2024-04-19,auto_collision,south,158,45.5,0,Friday,4,16
2024-04-19,auto_liability,northeast,171,57.5,0,Friday,4,16
2024-04-19,property_damage,west,60,65.1,0,Friday,4,16
2024-04-19,weather_event,northeast,19,81.0,0,Friday,4,16
2024-04-20,auto_collision,midwest,65,42.1,0,Saturday,4,16
2024-04-20,auto_liability,south,85,52.6,0,Saturday,4,16
2024-04-20,property_damage,northeast,62,51.7,0,Saturday,4,16
2024-04-20,weather_event,midwest,35,91.4,0,Saturday,4,16
2024-04-21,auto_collision,south,28,42.8,0,Sunday,4,16
2024-04-21,auto_liability,south,113,58.1,0,Sunday,4,16
2024-04-21,property_damage,midwest,43,54.1,0,Sunday,4,16
2024-04-21,weather_event,west,2,81.5,0,Sunday,4,16
2024-04-22,auto_collision,west,112,44.6,0,Monday,4,17
2024-04-22,auto_liability,south,18,51.9,0,Monday,4,17
2024-04-22,property_damage,midwest,213,62.7,0,Monday,4,17
2024-04-22,weather_event,south,71,64.0,0,Monday,4,17
2024-04-23,auto_collision,west,116,53.5,0,Tuesday,4,17
2024-04-23,auto_liability,west,121,58.3,0,Tuesday,4,17
2024-04-23,property_damage,midwest,109,47.1,0,Tuesday,4,17
2024-04-23,weather_event,south,18,74.7,0,Tuesday,4,17
2024-04-24,auto_collision,northeast,106,51.1,0,Wednesday,4,17
2024-04-24,auto_liability,west,183,56.3,0,Wednesday,4,17
2024-04-24,property_damage,west,64,43.7,0,Wednesday,4,17
2024-04-24,weather_event,midwest,8,57.9,0,Wednesday,4,17
2024-04-25,auto_collision,northeast,222,44.0,0,Thursday,4,17
2024-04-25,auto_liability,south,17,41.2,0,Thursday,4,17
2024-04-25,property_damage,midwest,117,47.1,0,Thursday,4,17
2024-04-25,weather_event,south,0,62.0,0,Thursday,4,17
2024-04-26,auto_collision,northeast,163,49.5,0,Friday,4,17
2024-04-26,auto_liability,west,149,53.2,0,Friday,4,17
2024-04-26,property_damage,west,45,64.9,0,Friday,4,17
2024-04-26,weather_event,south,21,66.4,0,Friday,4,17
2024-04-27,auto_collision,west,92,40.5,1,Saturday,4,17
2024-04-27,auto_liability,south,117,60.0,1,Saturday,4,17
2024-04-27,property_damage,west,266,51.3,1,Saturday,4,17
2024-04-27,weather_event,south,171,69.4,1,Saturday,4,17
2024-04-28,auto_collision,west,29,43.5,0,Sunday,4,17
2024-04-28,auto_liability,west,139,64.7,0,Sunday,4,17
2024-04-28,property_damage,west,13,59.7,0,Sunday,4,17
2024-04-28,weather_event,south,9,72.8,0,Sunday,4,17
2024-04-29,auto_collision,west,403,38.4,1,Monday,4,18
2024-04-29,auto_liability,northeast,322,66.1,1,Monday,4,18
2024-04-29,property_damage,midwest,211,53.9,1,Monday,4,18
2024-04-29,weather_event,midwest,68,76.6,1,Monday,4,18
2024-04-30,auto_collision,west,76,49.5,0,Tuesday,4,18
2024-04-30,auto_liability,south,155,61.1,0,Tuesday,4,18
2024-04-30,property_damage,south,38,57.6,0,Tuesday,4,18
2024-04-30,weather_event,northeast,100,80.4,0,Tuesday,4,18
2024-05-01,auto_collision,northeast,64,41.1,0,Wednesday,5,18
2024-05-01,auto_liability,midwest,61,57.5,0,Wednesday,5,18
2024-05-01,property_damage,northeast,172,56.2,0,Wednesday,5,18
2024-05-01,weather_event,midwest,48,80.7,0,Wednesday,5,18
2024-05-02,auto_collision,northeast,217,44.0,0,Thursday,5,18
2024-05-02,auto_liability,west,64,59.9,0,Thursday,5,18
2024-05-02,property_damage,south,79,58.0,0,Thursday,5,18
2024-05-02,weather_event,south,14,71.0,0,Thursday,5,18
2024-05-03,auto_collision,northeast,145,40.3,0,Friday,5,18
2024-05-03,auto_liability,west,119,62.6,0,Friday,5,18
2024-05-03,property_damage,northeast,37,54.2,0,Friday,5,18
2024-05-03,weather_event,west,121,67.0,0,Friday,5,18
2024-05-04,auto_collision,west,80,43.6,0,Saturday,5,18
2024-05-04,auto_liability,midwest,39,53.3,0,Saturday,5,18
2024-05-04,property_damage,northeast,151,58.0,0,Saturday,5,18
2024-05-04,weather_event,west,19,62.5,0,Saturday,5,18
2024-05-05,auto_collision,west,35,46.6,0,Sunday,5,18
2024-05-05,auto_liability,midwest,70,58.4,0,Sunday,5,18
2024-05-05,property_damage,northeast,59,50.7,0,Sunday,5,18
2024-05-05,weather_event,northeast,7,71.2,0,Sunday,5,18
2024-05-06,auto_collision,south,197,40.6,0,Monday,5,19
2024-05-06,auto_liability,west,139,62.3,0,Monday,5,19
2024-05-06,property_damage,northeast,110,60.2,0,Monday,5,19
2024-05-06,weather_event,west,39,71.8,0,Monday,5,19
2024-05-07,auto_collision,northeast,129,44.2,0,Tuesday,5,19
2024-05-07,auto_liability,west,95,48.9,0,Tuesday,5,19
2024-05-07,property_damage,northeast,178,63.3,0,Tuesday,5,19
2024-05-07,weather_event,northeast,21,75.2,0,Tuesday,5,19
2024-05-08,auto_collision,midwest,115,42.1,0,Wednesday,5,19
2024-05-08,auto_liability,west,137,53.0,0,Wednesday,5,19
2024-05-08,property_damage,west,14,50.5,0,Wednesday,5,19
2024-05-08,weather_event,northeast,94,76.1,0,Wednesday,5,19
2024-05-09,auto_collision,west,169,45.9,0,Thursday,5,19
2024-05-09,auto_liability,midwest,93,63.5,0,Thursday,5,19
2024-05-09,property_damage,south,67,46.9,0,Thursday,5,19
2024-05-09,weather_event,midwest,29,69.6,0,Thursday,5,19
2024-05-10,auto_collision,northeast,265,51.7,0,Friday,5,19
2024-05-10,auto_liability,south,85,66.6,0,Friday,5,19
2024-05-10,property_damage,west,81,52.8,0,Friday,5,19
2024-05-10,weather_event,west,1,79.4,0,Friday,5,19
2024-05-11,auto_collision,west,84,49.4,0,Saturday,5,19
2024-05-11,auto_liability,midwest,113,64.0,0,Saturday,5,19
2024-05-11,property_damage,midwest,26,55.4,0,Saturday,5,19
2024-05-11,weather_event,northeast,56,70.3,0,Saturday,5,19
2024-05-12,auto_collision,midwest,127,53.2,0,Sunday,5,19
2024-05-12,auto_liability,west,24,63.6,0,Sunday,5,19
2024-05-12,property_damage,south,25,59.7,0,Sunday,5,19
2024-05-12,weather_event,west,14,77.2,0,Sunday,5,19
2024-05-13,auto_collision,west,162,36.0,0,Monday,5,20
2024-05-13,auto_liability,midwest,88,63.9,0,Monday,5,20
2024-05-13,property_damage,midwest,168,61.1,0,Monday,5,20
2024-05-13,weather_event,midwest,40,94.3,0,Monday,5,20
2024-05-14,auto_collision,south,174,42.8,0,Tuesday,5,20
2024-05-14,auto_liability,south,132,65.7,0,Tuesday,5,20
2024-05-14,property_damage,northeast,60,58.9,0,Tuesday,5,20
2024-05-14,weather_event,northeast,25,65.3,0,Tuesday,5,20
2024-05-15,auto_collision,northeast,233,45.6,0,Wednesday,5,20
2024-05-15,auto_liability,midwest,92,69.8,0,Wednesday,5,20
2024-05-15,property_damage,south,21,45.6,0,Wednesday,5,20
2024-05-15,weather_event,south,13,73.7,0,Wednesday,5,20
2024-05-16,auto_collision,midwest,109,37.8,0,Thursday,5,20
2024-05-16,auto_liability,midwest,111,53.1,0,Thursday,5,20
2024-05-16,property_damage,south,45,63.9,0,Thursday,5,20
2024-05-16,weather_event,south,74,71.7,0,Thursday,5,20
2024-05-17,auto_collision,west,73,42.4,0,Friday,5,20
2024-05-17,auto_liability,south,105,55.9,0,Friday,5,20
2024-05-17,property_damage,west,185,52.6,0,Friday,5,20
2024-05-17,weather_event,west,58,77.4,0,Friday,5,20
2024-05-18,auto_collision,northeast,50,42.7,0,Saturday,5,20
2024-05-18,auto_liability,west,31,54.2,0,Saturday,5,20
2024-05-18,property_damage,midwest,180,59.6,0,Saturday,5,20
2024-05-18,weather_event,northeast,24,72.4,0,Saturday,5,20
2024-05-19,auto_collision,midwest,75,41.9,0,Sunday,5,20
2024-05-19,auto_liability,west,6,63.6,0,Sunday,5,20
2024-05-19,property_damage,west,78,56.6,0,Sunday,5,20
2024-05-19,weather_event,northeast,46,80.7,0,Sunday,5,20
2024-05-20,auto_collision,south,294,50.5,0,Monday,5,21
2024-05-20,auto_liability,northeast,17,58.8,0,Monday,5,21
2024-05-20,property_damage,west,147,48.3,0,Monday,5,21
2024-05-20,weather_event,midwest,19,92.9,0,Monday,5,21
2024-05-21,auto_collision,west,148,45.4,0,Tuesday,5,21
2024-05-21,auto_liability,south,100,64.1,0,Tuesday,5,21
2024-05-21,property_damage,west,77,56.9,0,Tuesday,5,21
2024-05-21,weather_event,west,114,77.3,0,Tuesday,5,21
2024-05-22,auto_collision,west,128,47.1,0,Wednesday,5,21
2024-05-22,auto_liability,northeast,187,62.8,0,Wednesday,5,21
2024-05-22,property_damage,south,75,68.6,0,Wednesday,5,21
2024-05-22,weather_event,midwest,12,89.1,0,Wednesday,5,21
2024-05-23,auto_collision,northeast,276,50.6,1,Thursday,5,21
2024-05-23,auto_liability,south,328,66.9,1,Thursday,5,21
2024-05-23,property_damage,west,241,51.1,1,Thursday,5,21
2024-05-23,weather_event,northeast,105,76.3,1,Thursday,5,21
2024-05-24,auto_collision,northeast,130,50.2,0,Friday,5,21
2024-05-24,auto_liability,west,64,69.7,0,Friday,5,21
2024-05-24,property_damage,south,31,52.1,0,Friday,5,21
2024-05-24,weather_event,south,167,65.8,0,Friday,5,21
2024-05-25,auto_collision,west,121,46.2,0,Saturday,5,21
2024-05-25,auto_liability,south,34,55.4,0,Saturday,5,21
2024-05-25,property_damage,south,113,47.7,0,Saturday,5,21
2024-05-25,weather_event,northeast,8,82.3,0,Saturday,5,21
2024-05-26,auto_collision,midwest,78,43.7,0,Sunday,5,21
2024-05-26,auto_liability,south,67,59.5,0,Sunday,5,21
2024-05-26,property_damage,west,22,56.3,0,Sunday,5,21
2024-05-26,weather_event,south,3,64.8,0,Sunday,5,21
2024-05-27,auto_collision,northeast,50,41.0,0,Monday,5,22
2024-05-27,auto_liability,west,59,61.8,0,Monday,5,22
2024-05-27,property_damage,west,283,51.8,0,Monday,5,22
2024-05-27,weather_event,midwest,63,83.3,0,Monday,5,22
2024-05-28,auto_collision,northeast,91,40.6,0,Tuesday,5,22
2024-05-28,auto_liability,midwest,164,63.8,0,Tuesday,5,22
2024-05-28,property_damage,west,144,55.1,0,Tuesday,5,22
2024-05-28,weather_event,midwest,6,73.7,0,Tuesday,5,22
2024-05-29,auto_collision,west,24,43.5,0,Wednesday,5,22
2024-05-29,auto_liability,west,154,69.6,0,Wednesday,5,22
2024-05-29,property_damage,west,56,50.1,0,Wednesday,5,22
2024-05-29,weather_event,midwest,164,79.5,0,Wednesday,5,22
2024-05-30,auto_collision,west,160,44.7,0,Thursday,5,22
2024-05-30,auto_liability,west,93,61.7,0,Thursday,5,22
2024-05-30,property_damage,northeast,39,51.2,0,Thursday,5,22
2024-05-30,weather_event,west,125,77.5,0,Thursday,5,22
2024-05-31,auto_collision,south,116,41.8,0,Friday,5,22
2024-05-31,auto_liability,south,117,48.5,0,Friday,5,22
2024-05-31,property_damage,south,175,47.0,0,Friday,5,22
2024-05-31,weather_event,northeast,18,78.7,0,Friday,5,22
2024-06-01,auto_collision,midwest,49,44.9,0,Saturday,6,22
2024-06-01,auto_liability,west,84,54.4,0,Saturday,6,22
2024-06-01,property_damage,midwest,37,50.3,0,Saturday,6,22
2024-06-01,weather_event,south,116,69.7,0,Saturday,6,22
2024-06-02,auto_collision,northeast,102,35.9,0,Sunday,6,22
2024-06-02,auto_liability,midwest,56,63.6,0,Sunday,6,22
2024-06-02,property_damage,northeast,53,62.9,0,Sunday,6,22
2024-06-02,weather_event,west,2,74.0,0,Sunday,6,22
2024-06-03,auto_collision,south,199,47.3,0,Monday,6,23
2024-06-03,auto_liability,west,41,46.3,0,Monday,6,23
2024-06-03,property_damage,south,92,58.4,0,Monday,6,23
2024-06-03,weather_event,northeast,111,56.0,0,Monday,6,23
2024-06-04,auto_collision,midwest,273,43.4,0,Tuesday,6,23
2024-06-04,auto_liability,south,83,51.4,0,Tuesday,6,23
2024-06-04,property_damage,west,82,52.5,0,Tuesday,6,23
2024-06-04,weather_event,northeast,7,76.7,0,Tuesday,6,23
2024-06-05,auto_collision,midwest,130,52.5,0,Wednesday,6,23
2024-06-05,auto_liability,south,87,64.5,0,Wednesday,6,23
2024-06-05,property_damage,south,104,40.9,0,Wednesday,6,23
2024-06-05,weather_event,west,73,71.4,0,Wednesday,6,23
2024-06-06,auto_collision,northeast,168,43.8,0,Thursday,6,23
2024-06-06,auto_liability,northeast,96,68.7,0,Thursday,6,23
2024-06-06,property_damage,south,71,54.1,0,Thursday,6,23
2024-06-06,weather_event,west,67,76.2,0,Thursday,6,23
2024-06-07,auto_collision,west,239,41.7,0,Friday,6,23
2024-06-07,auto_liability,northeast,118,51.9,0,Friday,6,23
2024-06-07,property_damage,west,82,60.7,0,Friday,6,23
2024-06-07,weather_event,west,7,76.6,0,Friday,6,23
2024-06-08,auto_collision,south,160,42.6,0,Saturday,6,23
2024-06-08,auto_liability,northeast,45,60.7,0,Saturday,6,23
2024-06-08,property_damage,midwest,47,44.0,0,Saturday,6,23
2024-06-08,weather_event,midwest,11,71.2,0,Saturday,6,23
2024-06-09,auto_collision,midwest,55,46.5,0,Sunday,6,23
2024-06-09,auto_liability,northeast,68,59.6,0,Sunday,6,23
2024-06-09,property_damage,south,59,55.4,0,Sunday,6,23
2024-06-09,weather_event,northeast,10,79.9,0,Sunday,6,23
2024-06-10,auto_collision,south,90,46.6,0,Monday,6,24
2024-06-10,auto_liability,northeast,103,52.2,0,Monday,6,24
2024-06-10,property_damage,west,146,55.0,0,Monday,6,24
2024-06-10,weather_event,west,123,69.3,0,Monday,6,24
2024-06-11,auto_collision,midwest,174,39.4,0,Tuesday,6,24
2024-06-11,auto_liability,midwest,72,60.6,0,Tuesday,6,24
2024-06-11,property_damage,south,86,55.1,0,Tuesday,6,24
2024-06-11,weather_event,west,26,74.1,0,Tuesday,6,24
2024-06-12,auto_collision,west,187,46.1,0,Wednesday,6,24
2024-06-12,auto_liability,northeast,65,58.5,0,Wednesday,6,24
2024-06-12,property_damage,west,142,56.7,0,Wednesday,6,24
2024-06-12,weather_event,south,9,73.6,0,Wednesday,6,24
2024-06-13,auto_collision,northeast,172,50.9,0,Thursday,6,24
2024-06-13,auto_liability,south,185,54.3,0,Thursday,6,24
2024-06-13,property_damage,west,58,58.3,0,Thursday,6,24
2024-06-13,weather_event,northeast,3,89.7,0,Thursday,6,24
2024-06-14,auto_collision,midwest,296,40.7,0,Friday,6,24
2024-06-14,auto_liability,west,34,58.1,0,Friday,6,24
2024-06-14,property_damage,south,99,47.0,0,Friday,6,24
2024-06-14,weather_event,south,45,80.5,0,Friday,6,24
2024-06-15,auto_collision,midwest,68,40.6,0,Saturday,6,24
2024-06-15,auto_liability,south,77,48.0,0,Saturday,6,24
2024-06-15,property_damage,west,109,58.5,0,Saturday,6,24
2024-06-15,weather_event,northeast,4,88.1,0,Saturday,6,24
2024-06-16,auto_collision,northeast,133,49.9,0,Sunday,6,24
2024-06-16,auto_liability,west,48,54.4,0,Sunday,6,24
2024-06-16,property_damage,northeast,8,55.2,0,Sunday,6,24
2024-06-16,weather_event,northeast,0,85.1,0,Sunday,6,24
2024-06-17,auto_collision,west,319,41.4,0,Monday,6,25
2024-06-17,auto_liability,midwest,35,65.6,0,Monday,6,25
2024-06-17,property_damage,west,83,62.1,0,Monday,6,25
2024-06-17,weather_event,south,66,82.1,0,Monday,6,25
2024-06-18,auto_collision,west,165,44.6,0,Tuesday,6,25
2024-06-18,auto_liability,west,201,48.6,0,Tuesday,6,25
2024-06-18,property_damage,west,71,59.3,0,Tuesday,6,25
2024-06-18,weather_event,west,0,57.7,0,Tuesday,6,25
2024-06-19,auto_collision,midwest,149,47.6,0,Wednesday,6,25
2024-06-19,auto_liability,south,161,60.6,0,Wednesday,6,25
2024-06-19,property_damage,midwest,22,52.1,0,Wednesday,6,25
2024-06-19,weather_event,west,24,78.0,0,Wednesday,6,25
2024-06-20,auto_collision,south,201,48.0,0,Thursday,6,25
2024-06-20,auto_liability,south,103,58.6,0,Thursday,6,25
2024-06-20,property_damage,midwest,111,55.0,0,Thursday,6,25
2024-06-20,weather_event,south,5,88.4,0,Thursday,6,25
2024-06-21,auto_collision,south,134,45.8,0,Friday,6,25
2024-06-21,auto_liability,south,92,63.3,0,Friday,6,25
2024-06-21,property_damage,northeast,172,54.7,0,Friday,6,25
2024-06-21,weather_event,west,4,63.2,0,Friday,6,25
2024-06-22,auto_collision,south,43,52.5,0,Saturday,6,25
2024-06-22,auto_liability,west,156,63.0,0,Saturday,6,25
2024-06-22,property_damage,south,50,47.0,0,Saturday,6,25
2024-06-22,weather_event,northeast,23,69.0,0,Saturday,6,25
2024-06-23,auto_collision,west,122,41.5,0,Sunday,6,25
2024-06-23,auto_liability,south,40,59.7,0,Sunday,6,25
2024-06-23,property_damage,northeast,21,51.7,0,Sunday,6,25
2024-06-23,weather_event,northeast,9,77.2,0,Sunday,6,25
2024-06-24,auto_collision,west,92,38.5,0,Monday,6,26
2024-06-24,auto_liability,west,231,69.7,0,Monday,6,26
2024-06-24,property_damage,midwest,97,49.0,0,Monday,6,26
2024-06-24,weather_event,midwest,37,80.1,0,Monday,6,26
2024-06-25,auto_collision,midwest,178,54.2,0,Tuesday,6,26
2024-06-25,auto_liability,south,76,53.4,0,Tuesday,6,26
2024-06-25,property_damage,northeast,141,59.8,0,Tuesday,6,26
2024-06-25,weather_event,northeast,4,79.4,0,Tuesday,6,26
2024-06-26,auto_collision,west,269,54.4,0,Wednesday,6,26
2024-06-26,auto_liability,south,85,54.7,0,Wednesday,6,26
2024-06-26,property_damage,northeast,39,48.8,0,Wednesday,6,26
2024-06-26,weather_event,northeast,3,77.4,0,Wednesday,6,26
2024-06-27,auto_collision,west,185,53.9,0,Thursday,6,26
2024-06-27,auto_liability,south,63,67.3,0,Thursday,6,26
2024-06-27,property_damage,south,102,48.9,0,Thursday,6,26
2024-06-27,weather_event,midwest,39,75.3,0,Thursday,6,26
2024-06-28,auto_collision,south,80,38.2,0,Friday,6,26
2024-06-28,auto_liability,west,238,51.3,0,Friday,6,26
2024-06-28,property_damage,northeast,40,53.5,0,Friday,6,26
2024-06-28,weather_event,south,65,84.8,0,Friday,6,26
2024-06-29,auto_collision,midwest,94,45.4,0,Saturday,6,26
2024-06-29,auto_liability,west,105,62.1,0,Saturday,6,26
2024-06-29,property_damage,west,44,49.4,0,Saturday,6,26
2024-06-29,weather_event,midwest,30,68.3,0,Saturday,6,26
2024-06-30,auto_collision,south,118,49.7,0,Sunday,6,26
2024-06-30,auto_liability,northeast,24,52.3,0,Sunday,6,26
2024-06-30,property_damage,west,29,60.9,0,Sunday,6,26
2024-06-30,weather_event,midwest,21,62.1,0,Sunday,6,26
2024-07-01,auto_collision,south,192,47.7,0,Monday,7,27
2024-07-01,auto_liability,south,227,54.1,0,Monday,7,27
2024-07-01,property_damage,northeast,41,54.3,0,Monday,7,27
2024-07-01,weather_event,south,17,77.3,0,Monday,7,27
2024-07-02,auto_collision,south,184,42.9,0,Tuesday,7,27
2024-07-02,auto_liability,northeast,55,58.0,0,Tuesday,7,27
2024-07-02,property_damage,west,57,55.6,0,Tuesday,7,27
2024-07-02,weather_event,south,92,79.0,0,Tuesday,7,27
2024-07-03,auto_collision,south,67,59.5,0,Wednesday,7,27
2024-07-03,auto_liability,midwest,174,60.6,0,Wednesday,7,27
2024-07-03,property_damage,midwest,25,55.2,0,Wednesday,7,27
2024-07-03,weather_event,northeast,120,70.2,0,Wednesday,7,27
2024-07-04,auto_collision,west,39,40.1,0,Thursday,7,27
2024-07-04,auto_liability,west,56,63.6,0,Thursday,7,27
2024-07-04,property_damage,west,21,50.1,0,Thursday,7,27
2024-07-04,weather_event,west,47,67.9,0,Thursday,7,27
2024-07-05,auto_collision,west,83,50.9,0,Friday,7,27
2024-07-05,auto_liability,south,124,65.2,0,Friday,7,27
2024-07-05,property_damage,west,91,58.4,0,Friday,7,27
2024-07-05,weather_event,south,161,79.8,0,Friday,7,27
2024-07-06,auto_collision,west,80,44.1,0,Saturday,7,27
2024-07-06,auto_liability,midwest,37,56.4,0,Saturday,7,27
2024-07-06,property_damage,south,116,66.8,0,Saturday,7,27
2024-07-06,weather_event,northeast,35,71.3,0,Saturday,7,27
2024-07-07,auto_collision,west,22,46.1,0,Sunday,7,27
2024-07-07,auto_liability,west,98,55.0,0,Sunday,7,27
2024-07-07,property_damage,west,51,52.5,0,Sunday,7,27
2024-07-07,weather_event,northeast,21,68.8,0,Sunday,7,27
2024-07-08,auto_collision,northeast,115,46.2,0,Monday,7,28
2024-07-08,auto_liability,northeast,57,66.4,0,Monday,7,28
2024-07-08,property_damage,midwest,207,66.2,0,Monday,7,28
2024-07-08,weather_event,south,94,65.2,0,Monday,7,28
2024-07-09,auto_collision,south,220,44.2,0,Tuesday,7,28
2024-07-09,auto_liability,south,107,55.1,0,Tuesday,7,28
2024-07-09,property_damage,midwest,38,56.8,0,Tuesday,7,28
2024-07-09,weather_event,northeast,80,82.5,0,Tuesday,7,28
2024-07-10,auto_collision,south,106,50.3,0,Wednesday,7,28
2024-07-10,auto_liability,midwest,110,64.8,0,Wednesday,7,28
2024-07-10,property_damage,northeast,89,55.6,0,Wednesday,7,28
2024-07-10,weather_event,midwest,98,72.1,0,Wednesday,7,28
2024-07-11,auto_collision,south,86,49.7,0,Thursday,7,28
2024-07-11,auto_liability,northeast,74,61.1,0,Thursday,7,28
2024-07-11,property_damage,south,69,56.1,0,Thursday,7,28
2024-07-11,weather_event,midwest,177,66.0,0,Thursday,7,28
2024-07-12,auto_collision,midwest,199,47.3,0,Friday,7,28
2024-07-12,auto_liability,northeast,85,52.6,0,Friday,7,28
2024-07-12,property_damage,northeast,143,61.7,0,Friday,7,28
2024-07-12,weather_event,south,7,79.8,0,Friday,7,28
2024-07-13,auto_collision,west,113,42.5,0,Saturday,7,28
2024-07-13,auto_liability,midwest,89,51.5,0,Saturday,7,28
2024-07-13,property_damage,south,67,50.4,0,Saturday,7,28
2024-07-13,weather_event,midwest,0,77.2,0,Saturday,7,28
2024-07-14,auto_collision,south,73,40.1,0,Sunday,7,28
2024-07-14,auto_liability,midwest,49,59.7,0,Sunday,7,28
2024-07-14,property_damage,midwest,36,50.8,0,Sunday,7,28
2024-07-14,weather_event,west,21,70.0,0,Sunday,7,28
2024-07-15,auto_collision,midwest,185,37.5,0,Monday,7,29
2024-07-15,auto_liability,midwest,41,63.1,0,Monday,7,29
2024-07-15,property_damage,northeast,203,54.2,0,Monday,7,29
2024-07-15,weather_event,south,11,91.2,0,Monday,7,29
2024-07-16,auto_collision,northeast,114,47.6,0,Tuesday,7,29
2024-07-16,auto_liability,northeast,213,67.4,0,Tuesday,7,29
2024-07-16,property_damage,south,85,59.8,0,Tuesday,7,29
2024-07-16,weather_event,midwest,30,69.6,0,Tuesday,7,29
2024-07-17,auto_collision,west,227,42.0,0,Wednesday,7,29
2024-07-17,auto_liability,midwest,19,63.2,0,Wednesday,7,29
2024-07-17,property_damage,northeast,47,57.7,0,Wednesday,7,29
2024-07-17,weather_event,south,83,67.2,0,Wednesday,7,29
2024-07-18,auto_collision,midwest,344,45.0,0,Thursday,7,29
2024-07-18,auto_liability,northeast,21,56.6,0,Thursday,7,29
2024-07-18,property_damage,south,27,51.7,0,Thursday,7,29
2024-07-18,weather_event,west,6,76.3,0,Thursday,7,29
2024-07-19,auto_collision,northeast,247,49.3,0,Friday,7,29
2024-07-19,auto_liability,midwest,86,60.4,0,Friday,7,29
2024-07-19,property_damage,northeast,91,60.6,0,Friday,7,29
2024-07-19,weather_event,northeast,33,69.6,0,Friday,7,29
2024-07-20,auto_collision,west,133,49.1,0,Saturday,7,29
2024-07-20,auto_liability,midwest,68,69.1,0,Saturday,7,29
2024-07-20,property_damage,south,32,53.2,0,Saturday,7,29
2024-07-20,weather_event,midwest,31,79.6,0,Saturday,7,29
2024-07-21,auto_collision,northeast,83,41.6,0,Sunday,7,29
2024-07-21,auto_liability,northeast,46,63.7,0,Sunday,7,29
2024-07-21,property_damage,midwest,37,49.7,0,Sunday,7,29
2024-07-21,weather_event,south,18,78.1,0,Sunday,7,29
2024-07-22,auto_collision,west,189,47.5,0,Monday,7,30
2024-07-22,auto_liability,south,13,58.9,0,Monday,7,30
2024-07-22,property_damage,west,201,51.1,0,Monday,7,30
2024-07-22,weather_event,west,46,70.8,0,Monday,7,30
2024-07-23,auto_collision,midwest,109,43.9,0,Tuesday,7,30
2024-07-23,auto_liability,west,39,62.4,0,Tuesday,7,30
2024-07-23,property_damage,midwest,186,53.1,0,Tuesday,7,30
2024-07-23,weather_event,midwest,106,69.9,0,Tuesday,7,30
2024-07-24,auto_collision,midwest,283,47.4,0,Wednesday,7,30
2024-07-24,auto_liability,midwest,59,69.7,0,Wednesday,7,30
2024-07-24,property_damage,west,38,55.5,0,Wednesday,7,30
2024-07-24,weather_event,south,30,63.7,0,Wednesday,7,30
2024-07-25,auto_collision,south,33,49.9,0,Thursday,7,30
2024-07-25,auto_liability,south,280,58.0,0,Thursday,7,30
2024-07-25,property_damage,west,49,49.9,0,Thursday,7,30
2024-07-25,weather_event,midwest,13,76.9,0,Thursday,7,30
2024-07-26,auto_collision,south,174,45.3,0,Friday,7,30
2024-07-26,auto_liability,west,155,63.7,0,Friday,7,30
2024-07-26,property_damage,south,76,54.5,0,Friday,7,30
2024-07-26,weather_event,south,20,78.6,0,Friday,7,30
2024-07-27,auto_collision,south,125,42.0,0,Saturday,7,30
2024-07-27,auto_liability,south,54,61.7,0,Saturday,7,30
2024-07-27,property_damage,south,59,52.3,0,Saturday,7,30
2024-07-27,weather_event,northeast,20,88.4,0,Saturday,7,30
2024-07-28,auto_collision,west,136,44.8,0,Sunday,7,30
2024-07-28,auto_liability,south,27,44.7,0,Sunday,7,30
2024-07-28,property_damage,south,24,61.4,0,Sunday,7,30
2024-07-28,weather_event,northeast,4,60.5,0,Sunday,7,30
2024-07-29,auto_collision,west,124,50.4,0,Monday,7,31
2024-07-29,auto_liability,midwest,225,65.7,0,Monday,7,31
2024-07-29,property_damage,northeast,54,53.6,0,Monday,7,31
2024-07-29,weather_event,west,45,76.1,0,Monday,7,31
2024-07-30,auto_collision,northeast,112,45.2,0,Tuesday,7,31
2024-07-30,auto_liability,midwest,159,51.9,0,Tuesday,7,31
2024-07-30,property_damage,south,29,59.4,0,Tuesday,7,31
2024-07-30,weather_event,west,46,61.0,0,Tuesday,7,31
2024-07-31,auto_collision,west,204,56.2,0,Wednesday,7,31
2024-07-31,auto_liability,midwest,108,80.2,0,Wednesday,7,31
2024-07-31,property_damage,northeast,22,65.6,0,Wednesday,7,31
2024-07-31,weather_event,midwest,43,65.3,0,Wednesday,7,31
2024-08-01,auto_collision,south,125,46.1,0,Thursday,8,31
2024-08-01,auto_liability,northeast,137,50.7,0,Thursday,8,31
2024-08-01,property_damage,midwest,149,61.2,0,Thursday,8,31
2024-08-01,weather_event,midwest,3,63.2,0,Thursday,8,31
2024-08-02,auto_collision,midwest,90,41.4,0,Friday,8,31
2024-08-02,auto_liability,south,226,63.8,0,Friday,8,31
2024-08-02,property_damage,midwest,48,54.8,0,Friday,8,31
2024-08-02,weather_event,west,64,70.9,0,Friday,8,31
2024-08-03,auto_collision,midwest,82,50.4,0,Saturday,8,31
2024-08-03,auto_liability,south,86,58.7,0,Saturday,8,31
2024-08-03,property_damage,midwest,50,59.9,0,Saturday,8,31
2024-08-03,weather_event,northeast,58,73.8,0,Saturday,8,31
2024-08-04,auto_collision,midwest,40,51.6,0,Sunday,8,31
2024-08-04,auto_liability,northeast,76,56.0,0,Sunday,8,31
2024-08-04,property_damage,midwest,45,54.0,0,Sunday,8,31
2024-08-04,weather_event,northeast,29,71.9,0,Sunday,8,31
2024-08-05,auto_collision,northeast,90,42.4,0,Monday,8,32
2024-08-05,auto_liability,northeast,48,62.4,0,Monday,8,32
2024-08-05,property_damage,south,233,51.2,0,Monday,8,32
2024-08-05,weather_event,midwest,41,66.0,0,Monday,8,32
2024-08-06,auto_collision,midwest,207,42.7,0,Tuesday,8,32
2024-08-06,auto_liability,northeast,63,59.8,0,Tuesday,8,32
2024-08-06,property_damage,northeast,92,60.1,0,Tuesday,8,32
2024-08-06,weather_event,northeast,48,78.2,0,Tuesday,8,32
2024-08-07,auto_collision,northeast,167,46.1,0,Wednesday,8,32
2024-08-07,auto_liability,midwest,128,57.6,0,Wednesday,8,32
2024-08-07,property_damage,south,51,58.3,0,Wednesday,8,32
2024-08-07,weather_event,south,23,71.6,0,Wednesday,8,32
2024-08-08,auto_collision,south,91,53.4,0,Thursday,8,32
2024-08-08,auto_liability,west,133,46.8,0,Thursday,8,32
2024-08-08,property_damage,northeast,16,61.2,0,Thursday,8,32
2024-08-08,weather_event,west,106,88.1,0,Thursday,8,32
2024-08-09,auto_collision,northeast,161,35.4,0,Friday,8,32
2024-08-09,auto_liability,northeast,111,60.7,0,Friday,8,32
2024-08-09,property_damage,south,142,67.8,0,Friday,8,32
2024-08-09,weather_event,midwest,22,71.7,0,Friday,8,32
2024-08-10,auto_collision,midwest,227,52.7,0,Saturday,8,32
2024-08-10,auto_liability,south,9,56.3,0,Saturday,8,32
2024-08-10,property_damage,northeast,8,53.5,0,Saturday,8,32
2024-08-10,weather_event,south,17,71.5,0,Saturday,8,32
2024-08-11,auto_collision,west,50,48.0,0,Sunday,8,32
2024-08-11,auto_liability,west,45,67.6,0,Sunday,8,32
2024-08-11,property_damage,northeast,19,59.0,0,Sunday,8,32
2024-08-11,weather_event,northeast,43,71.9,0,Sunday,8,32
2024-08-12,auto_collision,south,70,36.4,0,Monday,8,33
2024-08-12,auto_liability,midwest,65,58.1,0,Monday,8,33
2024-08-12,property_damage,south,81,47.7,0,Monday,8,33
2024-08-12,weather_event,west,198,62.2,0,Monday,8,33
2024-08-13,auto_collision,west,135,43.8,0,Tuesday,8,33
2024-08-13,auto_liability,south,180,54.8,0,Tuesday,8,33
2024-08-13,property_damage,midwest,27,53.4,0,Tuesday,8,33
2024-08-13,weather_event,northeast,45,75.7,0,Tuesday,8,33
2024-08-14,auto_collision,midwest,139,50.5,0,Wednesday,8,33
2024-08-14,auto_liability,west,140,58.6,0,Wednesday,8,33
2024-08-14,property_damage,south,47,59.3,0,Wednesday,8,33
2024-08-14,weather_event,west,20,65.5,0,Wednesday,8,33
2024-08-15,auto_collision,northeast,147,45.8,0,Thursday,8,33
2024-08-15,auto_liability,west,66,59.6,0,Thursday,8,33
2024-08-15,property_damage,west,109,69.2,0,Thursday,8,33
2024-08-15,weather_event,northeast,16,83.1,0,Thursday,8,33
2024-08-16,auto_collision,northeast,169,40.4,0,Friday,8,33
2024-08-16,auto_liability,northeast,39,57.9,0,Friday,8,33
2024-08-16,property_damage,midwest,132,59.5,0,Friday,8,33
2024-08-16,weather_event,midwest,16,70.1,0,Friday,8,33
2024-08-17,auto_collision,west,105,49.1,0,Saturday,8,33
2024-08-17,auto_liability,south,79,54.6,0,Saturday,8,33
2024-08-17,property_damage,south,53,53.6,0,Saturday,8,33
2024-08-17,weather_event,west,36,75.2,0,Saturday,8,33
2024-08-18,auto_collision,south,57,47.9,0,Sunday,8,33
2024-08-18,auto_liability,midwest,87,56.1,0,Sunday,8,33
2024-08-18,property_damage,northeast,12,62.4,0,Sunday,8,33
2024-08-18,weather_event,south,5,60.9,0,Sunday,8,33
2024-08-19,auto_collision,south,101,45.0,0,Monday,8,34
2024-08-19,auto_liability,northeast,146,67.0,0,Monday,8,34
2024-08-19,property_damage,midwest,98,58.6,0,Monday,8,34
2024-08-19,weather_event,south,80,76.9,0,Monday,8,34
2024-08-20,auto_collision,northeast,91,45.2,0,Tuesday,8,34
2024-08-20,auto_liability,northeast,64,68.0,0,Tuesday,8,34
2024-08-20,property_damage,northeast,137,54.2,0,Tuesday,8,34
2024-08-20,weather_event,west,74,82.4,0,Tuesday,8,34
2024-08-21,auto_collision,south,122,42.9,0,Wednesday,8,34
2024-08-21,auto_liability,west,112,51.1,0,Wednesday,8,34
2024-08-21,property_damage,south,114,60.0,0,Wednesday,8,34
2024-08-21,weather_event,west,15,63.0,0,Wednesday,8,34
2024-08-22,auto_collision,northeast,196,51.3,0,Thursday,8,34
2024-08-22,auto_liability,south,63,57.6,0,Thursday,8,34
2024-08-22,property_damage,northeast,74,67.9,0,Thursday,8,34
2024-08-22,weather_event,midwest,7,60.3,0,Thursday,8,34
2024-08-23,auto_collision,south,143,42.5,0,Friday,8,34
2024-08-23,auto_liability,west,153,52.5,0,Friday,8,34
2024-08-23,property_damage,west,52,63.0,0,Friday,8,34
2024-08-23,weather_event,midwest,28,77.8,0,Friday,8,34
2024-08-24,auto_collision,west,137,48.2,0,Saturday,8,34
2024-08-24,auto_liability,south,112,60.2,0,Saturday,8,34
2024-08-24,property_damage,south,19,58.2,0,Saturday,8,34
2024-08-24,weather_event,northeast,12,82.3,0,Saturday,8,34
2024-08-25,auto_collision,south,85,51.7,0,Sunday,8,34
2024-08-25,auto_liability,south,47,72.6,0,Sunday,8,34
2024-08-25,property_damage,northeast,47,55.1,0,Sunday,8,34
2024-08-25,weather_event,west,4,66.9,0,Sunday,8,34
2024-08-26,auto_collision,south,57,42.2,0,Monday,8,35
2024-08-26,auto_liability,northeast,242,57.8,0,Monday,8,35
2024-08-26,property_damage,west,50,46.3,0,Monday,8,35
2024-08-26,weather_event,northeast,41,66.4,0,Monday,8,35
2024-08-27,auto_collision,midwest,153,49.5,0,Tuesday,8,35
2024-08-27,auto_liability,south,87,67.2,0,Tuesday,8,35
2024-08-27,property_damage,midwest,90,51.1,0,Tuesday,8,35
2024-08-27,weather_event,midwest,61,69.6,0,Tuesday,8,35
2024-08-28,auto_collision,west,172,52.6,0,Wednesday,8,35
2024-08-28,auto_liability,south,138,55.2,0,Wednesday,8,35
2024-08-28,property_damage,northeast,20,50.6,0,Wednesday,8,35
2024-08-28,weather_event,west,34,81.0,0,Wednesday,8,35
2024-08-29,auto_collision,south,113,44.7,0,Thursday,8,35
2024-08-29,auto_liability,west,71,64.5,0,Thursday,8,35
2024-08-29,property_damage,midwest,130,63.4,0,Thursday,8,35
2024-08-29,weather_event,midwest,27,78.8,0,Thursday,8,35
2024-08-30,auto_collision,west,180,51.6,0,Friday,8,35
2024-08-30,auto_liability,west,120,71.3,0,Friday,8,35
2024-08-30,property_damage,midwest,62,53.7,0,Friday,8,35
2024-08-30,weather_event,midwest,24,82.0,0,Friday,8,35
2024-08-31,auto_collision,south,153,48.4,0,Saturday,8,35
2024-08-31,auto_liability,west,45,68.7,0,Saturday,8,35
2024-08-31,property_damage,south,41,54.0,0,Saturday,8,35
2024-08-31,weather_event,south,46,84.0,0,Saturday,8,35
2024-09-01,auto_collision,west,75,51.4,0,Sunday,9,35
2024-09-01,auto_liability,midwest,30,56.1,0,Sunday,9,35
2024-09-01,property_damage,south,30,48.3,0,Sunday,9,35
2024-09-01,weather_event,south,10,82.9,0,Sunday,9,35
2024-09-02,auto_collision,midwest,112,41.8,0,Monday,9,36
2024-09-02,auto_liability,midwest,72,50.9,0,Monday,9,36
2024-09-02,property_damage,northeast,70,47.0,0,Monday,9,36
2024-09-02,weather_event,northeast,139,83.0,0,Monday,9,36
2024-09-03,auto_collision,midwest,72,38.8,0,Tuesday,9,36
2024-09-03,auto_liability,west,189,63.0,0,Tuesday,9,36
2024-09-03,property_damage,northeast,60,54.0,0,Tuesday,9,36
2024-09-03,weather_event,northeast,36,80.8,0,Tuesday,9,36
2024-09-04,auto_collision,northeast,89,45.2,0,Wednesday,9,36
2024-09-04,auto_liability,south,172,53.9,0,Wednesday,9,36
2024-09-04,property_damage,northeast,31,54.8,0,Wednesday,9,36
2024-09-04,weather_event,midwest,31,76.6,0,Wednesday,9,36
2024-09-05,auto_collision,northeast,145,39.0,0,Thursday,9,36
2024-09-05,auto_liability,midwest,95,65.7,0,Thursday,9,36
2024-09-05,property_damage,northeast,81,56.8,0,Thursday,9,36
2024-09-05,weather_event,south,23,69.4,0,Thursday,9,36
2024-09-06,auto_collision,midwest,217,44.3,0,Friday,9,36
2024-09-06,auto_liability,midwest,72,58.0,0,Friday,9,36
2024-09-06,property_damage,south,75,51.8,0,Friday,9,36
2024-09-06,weather_event,west,6,67.3,0,Friday,9,36
2024-09-07,auto_collision,midwest,123,55.3,0,Saturday,9,36
2024-09-07,auto_liability,midwest,40,66.1,0,Saturday,9,36
2024-09-07,property_damage,northeast,26,52.7,0,Saturday,9,36
2024-09-07,weather_event,south,37,76.7,0,Saturday,9,36
2024-09-08,auto_collision,midwest,64,42.5,0,Sunday,9,36
2024-09-08,auto_liability,west,37,53.1,0,Sunday,9,36
2024-09-08,property_damage,northeast,41,45.9,0,Sunday,9,36
2024-09-08,weather_event,midwest,17,91.7,0,Sunday,9,36
2024-09-09,auto_collision,west,140,35.3,0,Monday,9,37
2024-09-09,auto_liability,midwest,101,60.0,0,Monday,9,37
2024-09-09,property_damage,west,106,54.8,0,Monday,9,37
2024-09-09,weather_event,south,28,73.1,0,Monday,9,37
2024-09-10,auto_collision,west,113,42.3,0,Tuesday,9,37
2024-09-10,auto_liability,northeast,61,55.7,0,Tuesday,9,37
2024-09-10,property_damage,west,79,53.7,0,Tuesday,9,37
2024-09-10,weather_event,west,68,73.1,0,Tuesday,9,37
2024-09-11,auto_collision,midwest,233,36.4,0,Wednesday,9,37
2024-09-11,auto_liability,midwest,21,52.7,0,Wednesday,9,37
2024-09-11,property_damage,west,64,55.1,0,Wednesday,9,37
2024-09-11,weather_event,midwest,20,61.4,0,Wednesday,9,37
2024-09-12,auto_collision,midwest,141,47.5,0,Thursday,9,37
2024-09-12,auto_liability,midwest,191,59.8,0,Thursday,9,37
2024-09-12,property_damage,south,15,61.3,0,Thursday,9,37
2024-09-12,weather_event,south,7,65.9,0,Thursday,9,37
2024-09-13,auto_collision,northeast,137,43.1,0,Friday,9,37
2024-09-13,auto_liability,midwest,142,54.6,0,Friday,9,37
2024-09-13,property_damage,south,11,49.2,0,Friday,9,37
2024-09-13,weather_event,northeast,38,85.2,0,Friday,9,37
2024-09-14,auto_collision,northeast,110,45.7,0,Saturday,9,37
2024-09-14,auto_liability,midwest,69,53.9,0,Saturday,9,37
2024-09-14,property_damage,west,14,60.2,0,Saturday,9,37
2024-09-14,weather_event,west,23,67.5,0,Saturday,9,37
2024-09-15,auto_collision,west,82,46.0,0,Sunday,9,37
2024-09-15,auto_liability,south,16,56.3,0,Sunday,9,37
2024-09-15,property_damage,midwest,59,53.5,0,Sunday,9,37
2024-09-15,weather_event,midwest,4,78.3,0,Sunday,9,37
2024-09-16,auto_collision,west,226,40.2,0,Monday,9,38
2024-09-16,auto_liability,midwest,32,49.4,0,Monday,9,38
2024-09-16,property_damage,west,47,54.8,0,Monday,9,38
2024-09-16,weather_event,midwest,61,83.1,0,Monday,9,38
2024-09-17,auto_collision,west,163,48.3,0,Tuesday,9,38
2024-09-17,auto_liability,west,123,56.5,0,Tuesday,9,38
2024-09-17,property_damage,midwest,56,58.2,0,Tuesday,9,38
2024-09-17,weather_event,midwest,15,70.7,0,Tuesday,9,38
2024-09-18,auto_collision,midwest,105,45.4,0,Wednesday,9,38
2024-09-18,auto_liability,south,82,63.9,0,Wednesday,9,38
2024-09-18,property_damage,south,102,57.5,0,Wednesday,9,38
2024-09-18,weather_event,midwest,33,80.4,0,Wednesday,9,38
2024-09-19,auto_collision,northeast,72,48.5,0,Thursday,9,38
2024-09-19,auto_liability,midwest,62,61.3,0,Thursday,9,38
2024-09-19,property_damage,midwest,141,50.6,0,Thursday,9,38
2024-09-19,weather_event,west,62,78.6,0,Thursday,9,38
2024-09-20,auto_collision,south,130,43.7,0,Friday,9,38
2024-09-20,auto_liability,northeast,103,62.1,0,Friday,9,38
2024-09-20,property_damage,midwest,33,55.1,0,Friday,9,38
2024-09-20,weather_event,midwest,45,90.8,0,Friday,9,38
2024-09-21,auto_collision,west,121,39.2,0,Saturday,9,38
2024-09-21,auto_liability,northeast,68,59.0,0,Saturday,9,38
2024-09-21,property_damage,northeast,10,50.1,0,Saturday,9,38
2024-09-21,weather_event,west,5,76.4,0,Saturday,9,38
2024-09-22,auto_collision,midwest,38,43.9,0,Sunday,9,38
2024-09-22,auto_liability,south,45,61.6,0,Sunday,9,38
2024-09-22,property_damage,west,58,50.3,0,Sunday,9,38
2024-09-22,weather_event,northeast,19,69.4,0,Sunday,9,38
2024-09-23,auto_collision,midwest,147,45.8,0,Monday,9,39
2024-09-23,auto_liability,south,98,64.9,0,Monday,9,39
2024-09-23,property_damage,northeast,83,52.1,0,Monday,9,39
2024-09-23,weather_event,south,25,81.7,0,Monday,9,39
2024-09-24,auto_collision,west,136,50.3,0,Tuesday,9,39
2024-09-24,auto_liability,west,104,63.6,0,Tuesday,9,39
2024-09-24,property_damage,west,79,60.1,0,Tuesday,9,39
2024-09-24,weather_event,west,8,71.7,0,Tuesday,9,39
2024-09-25,auto_collision,midwest,128,47.2,0,Wednesday,9,39
2024-09-25,auto_liability,midwest,38,58.1,0,Wednesday,9,39
2024-09-25,property_damage,northeast,134,52.9,0,Wednesday,9,39
2024-09-25,weather_event,midwest,26,85.4,0,Wednesday,9,39
2024-09-26,auto_collision,west,159,41.8,0,Thursday,9,39
2024-09-26,auto_liability,northeast,99,59.0,0,Thursday,9,39
2024-09-26,property_damage,south,16,52.3,0,Thursday,9,39
2024-09-26,weather_event,south,2,77.9,0,Thursday,9,39
2024-09-27,auto_collision,northeast,125,46.7,0,Friday,9,39
2024-09-27,auto_liability,south,132,50.3,0,Friday,9,39
2024-09-27,property_damage,south,50,63.1,0,Friday,9,39
2024-09-27,weather_event,south,24,83.9,0,Friday,9,39
2024-09-28,auto_collision,south,19,45.8,0,Saturday,9,39
2024-09-28,auto_liability,midwest,58,60.9,0,Saturday,9,39
2024-09-28,property_damage,northeast,105,50.9,0,Saturday,9,39
2024-09-28,weather_event,northeast,51,69.8,0,Saturday,9,39
2024-09-29,auto_collision,northeast,31,46.6,0,Sunday,9,39
2024-09-29,auto_liability,south,22,47.7,0,Sunday,9,39
2024-09-29,property_damage,west,81,57.7,0,Sunday,9,39
2024-09-29,weather_event,west,0,78.0,0,Sunday,9,39
2024-09-30,auto_collision,northeast,182,41.1,0,Monday,9,40
2024-09-30,auto_liability,northeast,82,57.9,0,Monday,9,40
2024-09-30,property_damage,west,28,53.9,0,Monday,9,40
2024-09-30,weather_event,west,32,79.2,0,Monday,9,40
2024-10-01,auto_collision,midwest,125,38.8,0,Tuesday,10,40
2024-10-01,auto_liability,west,66,58.9,0,Tuesday,10,40
2024-10-01,property_damage,northeast,75,53.2,0,Tuesday,10,40
2024-10-01,weather_event,south,38,74.1,0,Tuesday,10,40
2024-10-02,auto_collision,south,79,41.5,0,Wednesday,10,40
2024-10-02,auto_liability,south,59,55.2,0,Wednesday,10,40
2024-10-02,property_damage,northeast,73,47.7,0,Wednesday,10,40
2024-10-02,weather_event,south,82,72.4,0,Wednesday,10,40
2024-10-03,auto_collision,northeast,168,51.8,0,Thursday,10,40
2024-10-03,auto_liability,northeast,49,52.6,0,Thursday,10,40
2024-10-03,property_damage,south,63,59.8,0,Thursday,10,40
2024-10-03,weather_event,midwest,10,82.1,0,Thursday,10,40
2024-10-04,auto_collision,northeast,287,42.8,1,Friday,10,40
2024-10-04,auto_liability,west,39,64.3,1,Friday,10,40
2024-10-04,property_damage,northeast,462,50.6,1,Friday,10,40
2024-10-04,weather_event,northeast,26,65.5,1,Friday,10,40
2024-10-05,auto_collision,northeast,77,43.8,0,Saturday,10,40
2024-10-05,auto_liability,midwest,59,61.0,0,Saturday,10,40
2024-10-05,property_damage,northeast,60,60.7,0,Saturday,10,40
2024-10-05,weather_event,west,14,67.9,0,Saturday,10,40
2024-10-06,auto_collision,west,81,49.0,0,Sunday,10,40
2024-10-06,auto_liability,midwest,41,63.9,0,Sunday,10,40
2024-10-06,property_damage,midwest,39,48.1,0,Sunday,10,40
2024-10-06,weather_event,south,0,78.5,0,Sunday,10,40
2024-10-07,auto_collision,midwest,107,45.3,0,Monday,10,41
2024-10-07,auto_liability,northeast,91,53.7,0,Monday,10,41
2024-10-07,property_damage,midwest,141,48.4,0,Monday,10,41
2024-10-07,weather_event,west,4,72.0,0,Monday,10,41
2024-10-08,auto_collision,northeast,90,42.0,0,Tuesday,10,41
2024-10-08,auto_liability,south,74,62.7,0,Tuesday,10,41
2024-10-08,property_damage,south,93,58.7,0,Tuesday,10,41
2024-10-08,weather_event,south,36,82.1,0,Tuesday,10,41
2024-10-09,auto_collision,northeast,84,48.7,0,Wednesday,10,41
2024-10-09,auto_liability,midwest,119,54.0,0,Wednesday,10,41
2024-10-09,property_damage,south,20,52.4,0,Wednesday,10,41
2024-10-09,weather_event,northeast,61,73.8,0,Wednesday,10,41
2024-10-10,auto_collision,midwest,58,41.3,0,Thursday,10,41
2024-10-10,auto_liability,west,78,70.3,0,Thursday,10,41
2024-10-10,property_damage,northeast,161,56.3,0,Thursday,10,41
2024-10-10,weather_event,west,21,79.7,0,Thursday,10,41
2024-10-11,auto_collision,west,418,47.7,1,Friday,10,41
2024-10-11,auto_liability,northeast,73,57.6,1,Friday,10,41
2024-10-11,property_damage,west,254,63.0,1,Friday,10,41
2024-10-11,weather_event,west,13,58.2,1,Friday,10,41
2024-10-12,auto_collision,west,49,42.9,0,Saturday,10,41
2024-10-12,auto_liability,northeast,57,63.1,0,Saturday,10,41
2024-10-12,property_damage,west,87,58.8,0,Saturday,10,41
2024-10-12,weather_event,midwest,7,71.1,0,Saturday,10,41
2024-10-13,auto_collision,midwest,43,53.1,0,Sunday,10,41
2024-10-13,auto_liability,west,23,64.3,0,Sunday,10,41
2024-10-13,property_damage,west,50,47.8,0,Sunday,10,41
2024-10-13,weather_event,south,13,86.0,0,Sunday,10,41
2024-10-14,auto_collision,west,244,49.1,0,Monday,10,42
2024-10-14,auto_liability,west,33,63.7,0,Monday,10,42
2024-10-14,property_damage,northeast,20,54.1,0,Monday,10,42
2024-10-14,weather_event,northeast,2,67.6,0,Monday,10,42
2024-10-15,auto_collision,northeast,175,38.7,0,Tuesday,10,42
2024-10-15,auto_liability,northeast,38,55.0,0,Tuesday,10,42
2024-10-15,property_damage,northeast,51,53.9,0,Tuesday,10,42
2024-10-15,weather_event,midwest,30,85.3,0,Tuesday,10,42
2024-10-16,auto_collision,midwest,199,52.6,1,Wednesday,10,42
2024-10-16,auto_liability,midwest,127,66.2,1,Wednesday,10,42
2024-10-16,property_damage,west,334,52.9,1,Wednesday,10,42
2024-10-16,weather_event,south,40,78.3,1,Wednesday,10,42
2024-10-17,auto_collision,midwest,33,44.7,0,Thursday,10,42
2024-10-17,auto_liability,northeast,195,58.3,0,Thursday,10,42
2024-10-17,property_damage,west,66,52.8,0,Thursday,10,42
2024-10-17,weather_event,midwest,15,68.1,0,Thursday,10,42
2024-10-18,auto_collision,midwest,123,35.5,0,Friday,10,42
2024-10-18,auto_liability,south,96,61.9,0,Friday,10,42
2024-10-18,property_damage,northeast,74,51.5,0,Friday,10,42
2024-10-18,weather_event,midwest,10,76.5,0,Friday,10,42
2024-10-19,auto_collision,northeast,76,44.3,0,Saturday,10,42
2024-10-19,auto_liability,midwest,18,68.2,0,Saturday,10,42
2024-10-19,property_damage,south,94,61.4,0,Saturday,10,42
2024-10-19,weather_event,south,13,78.7,0,Saturday,10,42
2024-10-20,auto_collision,west,25,51.5,0,Sunday,10,42
2024-10-20,auto_liability,midwest,33,65.7,0,Sunday,10,42
2024-10-20,property_damage,midwest,92,56.7,0,Sunday,10,42
2024-10-20,weather_event,south,8,76.2,0,Sunday,10,42
2024-10-21,auto_collision,midwest,33,44.8,0,Monday,10,43
2024-10-21,auto_liability,west,233,68.9,0,Monday,10,43
2024-10-21,property_damage,midwest,23,56.1,0,Monday,10,43
2024-10-21,weather_event,midwest,23,96.3,0,Monday,10,43
2024-10-22,auto_collision,south,109,44.9,0,Tuesday,10,43
2024-10-22,auto_liability,south,71,61.0,0,Tuesday,10,43
2024-10-22,property_damage,midwest,34,49.4,0,Tuesday,10,43
2024-10-22,weather_event,northeast,91,75.2,0,Tuesday,10,43
2024-10-23,auto_collision,south,197,50.8,0,Wednesday,10,43
2024-10-23,auto_liability,midwest,16,54.4,0,Wednesday,10,43
2024-10-23,property_damage,midwest,23,52.7,0,Wednesday,10,43
2024-10-23,weather_event,midwest,21,68.2,0,Wednesday,10,43
2024-10-24,auto_collision,west,133,44.6,0,Thursday,10,43
2024-10-24,auto_liability,northeast,87,56.1,0,Thursday,10,43
2024-10-24,property_damage,northeast,35,50.7,0,Thursday,10,43
2024-10-24,weather_event,south,12,77.1,0,Thursday,10,43
2024-10-25,auto_collision,west,173,54.9,0,Friday,10,43
2024-10-25,auto_liability,south,68,57.2,0,Friday,10,43
2024-10-25,property_damage,midwest,48,49.9,0,Friday,10,43
2024-10-25,weather_event,northeast,35,84.9,0,Friday,10,43
2024-10-26,auto_collision,south,114,36.4,0,Saturday,10,43
2024-10-26,auto_liability,west,12,45.3,0,Saturday,10,43
2024-10-26,property_damage,midwest,10,63.9,0,Saturday,10,43
2024-10-26,weather_event,south,37,73.7,0,Saturday,10,43
2024-10-27,auto_collision,west,78,51.2,0,Sunday,10,43
2024-10-27,auto_liability,northeast,23,63.4,0,Sunday,10,43
2024-10-27,property_damage,west,3,57.8,0,Sunday,10,43
2024-10-27,weather_event,northeast,20,71.9,0,Sunday,10,43
2024-10-28,auto_collision,northeast,87,50.6,0,Monday,10,44
2024-10-28,auto_liability,midwest,97,55.1,0,Monday,10,44
2024-10-28,property_damage,northeast,71,57.3,0,Monday,10,44
2024-10-28,weather_event,northeast,51,73.6,0,Monday,10,44
2024-10-29,auto_collision,northeast,64,49.5,0,Tuesday,10,44
2024-10-29,auto_liability,west,123,50.9,0,Tuesday,10,44
2024-10-29,property_damage,south,56,44.6,0,Tuesday,10,44
2024-10-29,weather_event,midwest,15,78.2,0,Tuesday,10,44
2024-10-30,auto_collision,northeast,57,50.8,0,Wednesday,10,44
2024-10-30,auto_liability,west,71,63.3,0,Wednesday,10,44
2024-10-30,property_damage,northeast,125,65.1,0,Wednesday,10,44
2024-10-30,weather_event,northeast,23,84.0,0,Wednesday,10,44
2024-10-31,auto_collision,south,47,43.5,0,Thursday,10,44
2024-10-31,auto_liability,south,35,84.9,0,Thursday,10,44
2024-10-31,property_damage,northeast,106,54.7,0,Thursday,10,44
2024-10-31,weather_event,northeast,49,57.1,0,Thursday,10,44
2024-11-01,auto_collision,south,61,51.8,0,Friday,11,44
2024-11-01,auto_liability,west,106,58.7,0,Friday,11,44
2024-11-01,property_damage,west,84,55.7,0,Friday,11,44
2024-11-01,weather_event,northeast,19,80.9,0,Friday,11,44
2024-11-02,auto_collision,south,102,39.6,0,Saturday,11,44
2024-11-02,auto_liability,midwest,63,63.7,0,Saturday,11,44
2024-11-02,property_damage,northeast,8,52.9,0,Saturday,11,44
2024-11-02,weather_event,midwest,12,63.5,0,Saturday,11,44
2024-11-03,auto_collision,midwest,20,46.5,0,Sunday,11,44
2024-11-03,auto_liability,south,10,65.9,0,Sunday,11,44
2024-11-03,property_damage,south,48,58.1,0,Sunday,11,44
2024-11-03,weather_event,northeast,42,71.6,0,Sunday,11,44
2024-11-04,auto_collision,south,161,43.5,0,Monday,11,45
2024-11-04,auto_liability,south,54,60.4,0,Monday,11,45
2024-11-04,property_damage,west,14,65.8,0,Monday,11,45
2024-11-04,weather_event,west,63,56.9,0,Monday,11,45
2024-11-05,auto_collision,south,120,42.3,0,Tuesday,11,45
2024-11-05,auto_liability,west,75,55.2,0,Tuesday,11,45
2024-11-05,property_damage,west,35,64.4,0,Tuesday,11,45
2024-11-05,weather_event,west,25,72.7,0,Tuesday,11,45
2024-11-06,auto_collision,northeast,124,45.0,0,Wednesday,11,45
2024-11-06,auto_liability,northeast,41,61.5,0,Wednesday,11,45
2024-11-06,property_damage,midwest,113,39.4,0,Wednesday,11,45
2024-11-06,weather_event,northeast,21,88.7,0,Wednesday,11,45
2024-11-07,auto_collision,northeast,78,48.8,0,Thursday,11,45
2024-11-07,auto_liability,northeast,83,66.0,0,Thursday,11,45
2024-11-07,property_damage,northeast,96,57.3,0,Thursday,11,45
2024-11-07,weather_event,midwest,1,75.1,0,Thursday,11,45
2024-11-08,auto_collision,midwest,124,44.6,0,Friday,11,45
2024-11-08,auto_liability,northeast,129,46.5,0,Friday,11,45
2024-11-08,property_damage,west,61,50.1,0,Friday,11,45
2024-11-08,weather_event,midwest,13,79.9,0,Friday,11,45
2024-11-09,auto_collision,northeast,103,42.7,0,Saturday,11,45
2024-11-09,auto_liability,northeast,36,48.8,0,Saturday,11,45
2024-11-09,property_damage,midwest,40,59.0,0,Saturday,11,45
2024-11-09,weather_event,northeast,19,62.8,0,Saturday,11,45
2024-11-10,auto_collision,northeast,48,46.8,0,Sunday,11,45
2024-11-10,auto_liability,midwest,6,66.6,0,Sunday,11,45
2024-11-10,property_damage,northeast,46,52.0,0,Sunday,11,45
2024-11-10,weather_event,south,13,82.0,0,Sunday,11,45
2024-11-11,auto_collision,south,195,47.2,0,Monday,11,46
2024-11-11,auto_liability,midwest,51,64.5,0,Monday,11,46
2024-11-11,property_damage,south,45,45.1,0,Monday,11,46
2024-11-11,weather_event,northeast,0,83.6,0,Monday,11,46
2024-11-12,auto_collision,south,80,42.1,0,Tuesday,11,46
2024-11-12,auto_liability,northeast,90,55.1,0,Tuesday,11,46
2024-11-12,property_damage,midwest,72,43.1,0,Tuesday,11,46
2024-11-12,weather_event,west,31,78.3,0,Tuesday,11,46
2024-11-13,auto_collision,midwest,115,47.3,1,Wednesday,11,46
2024-11-13,auto_liability,northeast,189,65.9,1,Wednesday,11,46
2024-11-13,property_damage,south,272,64.4,1,Wednesday,11,46
2024-11-13,weather_event,west,9,80.7,1,Wednesday,11,46
2024-11-14,auto_collision,northeast,53,48.5,0,Thursday,11,46
2024-11-14,auto_liability,midwest,106,61.0,0,Thursday,11,46
2024-11-14,property_damage,northeast,20,48.7,0,Thursday,11,46
2024-11-14,weather_event,northeast,81,69.6,0,Thursday,11,46
2024-11-15,auto_collision,west,99,42.8,0,Friday,11,46
2024-11-15,auto_liability,west,81,56.0,0,Friday,11,46
2024-11-15,property_damage,midwest,47,62.0,0,Friday,11,46
2024-11-15,weather_event,south,19,82.1,0,Friday,11,46
2024-11-16,auto_collision,south,72,44.6,0,Saturday,11,46
2024-11-16,auto_liability,midwest,85,61.3,0,Saturday,11,46
2024-11-16,property_damage,south,11,58.3,0,Saturday,11,46
2024-11-16,weather_event,midwest,28,71.9,0,Saturday,11,46
2024-11-17,auto_collision,west,57,45.7,0,Sunday,11,46
2024-11-17,auto_liability,midwest,27,59.8,0,Sunday,11,46
2024-11-17,property_damage,midwest,12,59.1,0,Sunday,11,46
2024-11-17,weather_event,south,21,60.0,0,Sunday,11,46
2024-11-18,auto_collision,midwest,148,38.3,0,Monday,11,47
2024-11-18,auto_liability,south,28,50.4,0,Monday,11,47
2024-11-18,property_damage,south,93,64.6,0,Monday,11,47
2024-11-18,weather_event,west,23,82.3,0,Monday,11,47
2024-11-19,auto_collision,south,72,45.9,0,Tuesday,11,47
2024-11-19,auto_liability,west,60,58.8,0,Tuesday,11,47
2024-11-19,property_damage,northeast,115,51.4,0,Tuesday,11,47
2024-11-19,weather_event,west,10,74.2,0,Tuesday,11,47
2024-11-20,auto_collision,south,119,48.5,0,Wednesday,11,47
2024-11-20,auto_liability,midwest,93,58.8,0,Wednesday,11,47
2024-11-20,property_damage,west,26,53.0,0,Wednesday,11,47
2024-11-20,weather_event,south,9,83.1,0,Wednesday,11,47
2024-11-21,auto_collision,midwest,92,43.4,0,Thursday,11,47
2024-11-21,auto_liability,south,91,65.5,0,Thursday,11,47
2024-11-21,property_damage,midwest,64,54.3,0,Thursday,11,47
2024-11-21,weather_event,south,0,83.9,0,Thursday,11,47
2024-11-22,auto_collision,northeast,103,47.5,0,Friday,11,47
2024-11-22,auto_liability,northeast,41,57.5,0,Friday,11,47
2024-11-22,property_damage,west,69,48.8,0,Friday,11,47
2024-11-22,weather_event,west,66,72.2,0,Friday,11,47
2024-11-23,auto_collision,northeast,52,46.6,0,Saturday,11,47
2024-11-23,auto_liability,west,97,55.7,0,Saturday,11,47
2024-11-23,property_damage,midwest,22,51.7,0,Saturday,11,47
2024-11-23,weather_event,midwest,5,74.1,0,Saturday,11,47
2024-11-24,auto_collision,south,44,47.2,0,Sunday,11,47
2024-11-24,auto_liability,west,33,64.0,0,Sunday,11,47
2024-11-24,property_damage,west,32,60.2,0,Sunday,11,47
2024-11-24,weather_event,west,0,70.7,0,Sunday,11,47
2024-11-25,auto_collision,south,55,41.1,0,Monday,11,48
2024-11-25,auto_liability,midwest,30,64.0,0,Monday,11,48
2024-11-25,property_damage,west,21,63.0,0,Monday,11,48
2024-11-25,weather_event,west,3,85.6,0,Monday,11,48
2024-11-26,auto_collision,midwest,138,47.1,0,Tuesday,11,48
2024-11-26,auto_liability,northeast,88,66.9,0,Tuesday,11,48
2024-11-26,property_damage,west,44,53.2,0,Tuesday,11,48
2024-11-26,weather_event,midwest,11,83.6,0,Tuesday,11,48
2024-11-27,auto_collision,west,108,49.7,0,Wednesday,11,48
2024-11-27,auto_liability,northeast,69,62.4,0,Wednesday,11,48
2024-11-27,property_damage,south,75,52.2,0,Wednesday,11,48
2024-11-27,weather_event,midwest,5,69.7,0,Wednesday,11,48
2024-11-28,auto_collision,west,85,50.0,0,Thursday,11,48
2024-11-28,auto_liability,northeast,29,65.2,0,Thursday,11,48
2024-11-28,property_damage,northeast,91,52.6,0,Thursday,11,48
2024-11-28,weather_event,west,26,74.4,0,Thursday,11,48
2024-11-29,auto_collision,midwest,96,40.2,0,Friday,11,48
2024-11-29,auto_liability,south,98,49.9,0,Friday,11,48
2024-11-29,property_damage,west,29,46.7,0,Friday,11,48
2024-11-29,weather_event,northeast,49,83.9,0,Friday,11,48
2024-11-30,auto_collision,northeast,43,50.5,0,Saturday,11,48
2024-11-30,auto_liability,west,50,49.4,0,Saturday,11,48
2024-11-30,property_damage,northeast,64,55.1,0,Saturday,11,48
2024-11-30,weather_event,northeast,6,77.4,0,Saturday,11,48
2024-12-01,auto_collision,south,39,49.0,0,Sunday,12,48
2024-12-01,auto_liability,northeast,5,55.2,0,Sunday,12,48
2024-12-01,property_damage,northeast,0,56.8,0,Sunday,12,48
2024-12-01,weather_event,midwest,70,75.2,0,Sunday,12,48
2024-12-02,auto_collision,midwest,56,44.9,0,Monday,12,49
2024-12-02,auto_liability,midwest,83,48.1,0,Monday,12,49
2024-12-02,property_damage,south,124,52.2,0,Monday,12,49
2024-12-02,weather_event,midwest,1,74.6,0,Monday,12,49
2024-12-03,auto_collision,midwest,123,46.1,0,Tuesday,12,49
2024-12-03,auto_liability,south,65,56.3,0,Tuesday,12,49
2024-12-03,property_damage,west,40,49.6,0,Tuesday,12,49
2024-12-03,weather_event,south,34,82.0,0,Tuesday,12,49
2024-12-04,auto_collision,midwest,149,42.6,0,Wednesday,12,49
2024-12-04,auto_liability,northeast,36,60.3,0,Wednesday,12,49
2024-12-04,property_damage,west,30,50.4,0,Wednesday,12,49
2024-12-04,weather_event,northeast,21,77.7,0,Wednesday,12,49
2024-12-05,auto_collision,northeast,74,43.5,0,Thursday,12,49
2024-12-05,auto_liability,northeast,66,71.7,0,Thursday,12,49
2024-12-05,property_damage,south,62,57.9,0,Thursday,12,49
2024-12-05,weather_event,south,21,79.4,0,Thursday,12,49
2024-12-06,auto_collision,midwest,46,37.6,0,Friday,12,49
2024-12-06,auto_liability,northeast,148,59.8,0,Friday,12,49
2024-12-06,property_damage,northeast,89,53.9,0,Friday,12,49
2024-12-06,weather_event,south,0,63.7,0,Friday,12,49
2024-12-07,auto_collision,midwest,131,53.3,0,Saturday,12,49
2024-12-07,auto_liability,midwest,44,52.2,0,Saturday,12,49
2024-12-07,property_damage,northeast,7,53.0,0,Saturday,12,49
2024-12-07,weather_event,west,2,74.9,0,Saturday,12,49
2024-12-08,auto_collision,northeast,26,41.9,0,Sunday,12,49
2024-12-08,auto_liability,south,25,57.7,0,Sunday,12,49
2024-12-08,property_damage,midwest,24,53.9,0,Sunday,12,49
2024-12-08,weather_event,midwest,45,81.2,0,Sunday,12,49
2024-12-09,auto_collision,south,50,52.7,0,Monday,12,50
2024-12-09,auto_liability,northeast,111,61.7,0,Monday,12,50
2024-12-09,property_damage,midwest,80,43.9,0,Monday,12,50
2024-12-09,weather_event,northeast,16,73.6,0,Monday,12,50
2024-12-10,auto_collision,northeast,47,50.8,0,Tuesday,12,50
2024-12-10,auto_liability,midwest,99,68.1,0,Tuesday,12,50
2024-12-10,property_damage,northeast,47,45.4,0,Tuesday,12,50
2024-12-10,weather_event,west,49,76.5,0,Tuesday,12,50
2024-12-11,auto_collision,south,187,50.1,0,Wednesday,12,50
2024-12-11,auto_liability,west,12,46.1,0,Wednesday,12,50
2024-12-11,property_damage,south,21,55.0,0,Wednesday,12,50
2024-12-11,weather_event,west,9,65.5,0,Wednesday,12,50
2024-12-12,auto_collision,south,130,57.5,0,Thursday,12,50
2024-12-12,auto_liability,northeast,80,61.6,0,Thursday,12,50
2024-12-12,property_damage,midwest,14,50.6,0,Thursday,12,50
2024-12-12,weather_event,south,23,72.5,0,Thursday,12,50
2024-12-13,auto_collision,northeast,131,45.1,0,Friday,12,50
2024-12-13,auto_liability,south,59,57.6,0,Friday,12,50
2024-12-13,property_damage,west,56,51.2,0,Friday,12,50
2024-12-13,weather_event,west,5,71.1,0,Friday,12,50
2024-12-14,auto_collision,south,73,47.9,0,Saturday,12,50
2024-12-14,auto_liability,midwest,19,43.7,0,Saturday,12,50
2024-12-14,property_damage,northeast,87,54.5,0,Saturday,12,50
2024-12-14,weather_event,northeast,0,76.0,0,Saturday,12,50
2024-12-15,auto_collision,west,18,46.5,0,Sunday,12,50
2024-12-15,auto_liability,west,67,60.2,0,Sunday,12,50
2024-12-15,property_damage,west,21,56.0,0,Sunday,12,50
2024-12-15,weather_event,northeast,8,78.5,0,Sunday,12,50
2024-12-16,auto_collision,midwest,92,42.1,0,Monday,12,51
2024-12-16,auto_liability,south,54,68.8,0,Monday,12,51
2024-12-16,property_damage,west,47,52.5,0,Monday,12,51
2024-12-16,weather_event,west,66,85.6,0,Monday,12,51
2024-12-17,auto_collision,northeast,164,41.8,0,Tuesday,12,51
2024-12-17,auto_liability,midwest,40,63.9,0,Tuesday,12,51
2024-12-17,property_damage,south,35,48.1,0,Tuesday,12,51
2024-12-17,weather_event,midwest,10,69.7,0,Tuesday,12,51
2024-12-18,auto_collision,south,37,47.1,0,Wednesday,12,51
2024-12-18,auto_liability,northeast,80,61.3,0,Wednesday,12,51
2024-12-18,property_damage,midwest,44,55.0,0,Wednesday,12,51
2024-12-18,weather_event,midwest,84,61.9,0,Wednesday,12,51
2024-12-19,auto_collision,midwest,98,49.5,0,Thursday,12,51
2024-12-19,auto_liability,northeast,94,67.3,0,Thursday,12,51
2024-12-19,property_damage,south,21,52.4,0,Thursday,12,51
2024-12-19,weather_event,south,15,70.0,0,Thursday,12,51
2024-12-20,auto_collision,west,110,45.5,0,Friday,12,51
2024-12-20,auto_liability,northeast,66,66.9,0,Friday,12,51
2024-12-20,property_damage,west,34,45.8,0,Friday,12,51
2024-12-20,weather_event,west,46,80.6,0,Friday,12,51
2024-12-21,auto_collision,south,83,49.1,0,Saturday,12,51
2024-12-21,auto_liability,south,84,54.6,0,Saturday,12,51
2024-12-21,property_damage,midwest,2,55.5,0,Saturday,12,51
2024-12-21,weather_event,midwest,20,76.6,0,Saturday,12,51
2024-12-22,auto_collision,northeast,71,44.8,0,Sunday,12,51
2024-12-22,auto_liability,south,11,56.5,0,Sunday,12,51
2024-12-22,property_damage,northeast,38,53.4,0,Sunday,12,51
2024-12-22,weather_event,midwest,18,76.4,0,Sunday,12,51
2024-12-23,auto_collision,northeast,138,45.6,0,Monday,12,52
2024-12-23,auto_liability,northeast,66,64.4,0,Monday,12,52
2024-12-23,property_damage,midwest,64,53.1,0,Monday,12,52
2024-12-23,weather_event,south,0,80.6,0,Monday,12,52
2024-12-24,auto_collision,west,122,42.6,0,Tuesday,12,52
2024-12-24,auto_liability,south,35,62.6,0,Tuesday,12,52
2024-12-24,property_damage,south,78,50.8,0,Tuesday,12,52
2024-12-24,weather_event,west,13,86.1,0,Tuesday,12,52
2024-12-25,auto_collision,south,49,55.8,0,Wednesday,12,52
2024-12-25,auto_liability,west,32,58.1,0,Wednesday,12,52
2024-12-25,property_damage,midwest,22,56.7,0,Wednesday,12,52
2024-12-25,weather_event,northeast,0,68.8,0,Wednesday,12,52
2024-12-26,auto_collision,northeast,98,39.6,0,Thursday,12,52
2024-12-26,auto_liability,south,96,60.8,0,Thursday,12,52
2024-12-26,property_damage,south,42,54.2,0,Thursday,12,52
2024-12-26,weather_event,west,5,70.7,0,Thursday,12,52
2024-12-27,auto_collision,midwest,83,42.4,0,Friday,12,52
2024-12-27,auto_liability,south,132,56.1,0,Friday,12,52
2024-12-27,property_damage,midwest,41,62.9,0,Friday,12,52
2024-12-27,weather_event,midwest,14,82.4,0,Friday,12,52
2024-12-28,auto_collision,northeast,18,50.7,0,Saturday,12,52
2024-12-28,auto_liability,south,57,55.1,0,Saturday,12,52
2024-12-28,property_damage,west,84,54.2,0,Saturday,12,52
2024-12-28,weather_event,northeast,4,67.5,0,Saturday,12,52
2024-12-29,auto_collision,south,20,48.1,0,Sunday,12,52
2024-12-29,auto_liability,west,72,54.6,0,Sunday,12,52
2024-12-29,property_damage,northeast,27,50.5,0,Sunday,12,52
2024-12-29,weather_event,midwest,5,77.2,0,Sunday,12,52
2024-12-30,auto_collision,west,100,49.7,0,Monday,12,1
2024-12-30,auto_liability,west,7,50.2,0,Monday,12,1
2024-12-30,property_damage,south,84,49.4,0,Monday,12,1
2024-12-30,weather_event,midwest,56,77.9,0,Monday,12,1
2024-12-31,auto_collision,northeast,86,44.8,0,Tuesday,12,1
2024-12-31,auto_liability,midwest,18,55.7,0,Tuesday,12,1
2024-12-31,property_damage,northeast,122,57.7,0,Tuesday,12,1
2024-12-31,weather_event,midwest,33,67.7,0,Tuesday,12,1
